 accelerometer x,accelerometer y,accelerometer z,gyro x,gyro y,gyro z
-0.06330871582,-0.2728881836,-0.9985809326,0.2940963507,-0.3728848994,-1.059342384
-0.1069641113,-0.1966247559,-1.111038208,-1.585582495,-0.8104667664,-1.160317659
0.06408691406,-0.313873291,-0.9785003662,-0.1351096183,0.549592793,-0.5584856272
0.04463195801,-0.1965637207,-0.8762207031,-0.4395837486,1.181395531,-1.13355267
0.188583374,-0.1163330078,-0.843170166,-0.9094468951,2.506299496,-0.6626783609
0.2318725586,-0.05012512207,-0.8582458496,-0.3495473564,-1.544416428,0.1114455685
0.2384796143,-0.2465362549,-0.9842376709,2.303073406,-2.785737276,-1.249016643
0.02526855469,-0.3173065186,-0.9337310791,-0.4046204388,-0.6848483682,0.2857079208
-0.04704284668,-0.04296875,-0.7543792725,0.09718088061,-2.743133307,-0.8313699365
-0.1330413818,-0.1893463135,-0.2123565674,0.1826241463,-4.178713799,-1.066343307
-0.3385925293,0.3502502441,-0.0186920166,0.2112403363,-6.492074013,2.261178493
-1.558853149,1.487136841,0.2411346436,-5.116127491,-0.6812118292,5.247770786
-1.469604492,1.839828491,0.6511535645,-1.428610921,-4.788709641,3.468679667
-0.655960083,0.7879180908,0.498626709,-1.370438933,1.666838646,1.348275304
-0.6659545898,0.7042694092,0.2270355225,-1.985301375,-0.5166383386,1.736921906
-0.6051940918,0.5788269043,0.1032562256,0.2748896182,-0.5095021129,0.819162786
-0.8820800781,0.4817352295,0.2875976563,1.013918638,1.142716289,1.388144732
-1.355636597,1.024383545,0.5863037109,1.721458316,0.5422118902,-1.972904325
-1.134902954,1.246841431,0.7046966553,0.8548675179,-0.3035606742,-5.520214558
-0.8095550537,1.404327393,0.5266723633,0.7013839483,-1.333667397,-6.08767128
-0.3514251709,0.8245697021,0.3254089355,-0.3318013847,1.732799888,-3.897412539
-0.1528930664,0.4452972412,0.154296875,-0.2418019772,1.204201221,-0.4459724128
-0.134475708,0.5948638916,0.1709136963,0.7584831715,-0.8961718082,3.253530979
-0.7186584473,1.406204224,0.5069885254,2.154306173,-2.980979204,7.881616592
-1.302459717,1.482940674,0.8410644531,0.8410664797,0.01886210404,5.182487011
-0.8694610596,0.7527313232,0.3228912354,-1.376823425,2.019310474,1.164559841
-0.5876159668,0.5555114746,0.1955871582,-1.186781764,1.807324409,1.057960391
-0.7718353271,0.7537231445,0.1279296875,-0.2158401459,1.159980536,1.257108927
-1.131469727,0.8458251953,0.3419647217,2.060949802,-0.8421245813,-2.050255775
-0.8645782471,1.336257935,0.4899139404,0.3318298757,-1.277305365,-5.347077847
-0.6797180176,1.251205444,0.4261932373,0.01163934544,-1.32717514,-5.482271671
-0.4499359131,0.7353973389,0.3591766357,-0.9773697257,1.221466064,-2.657029867
-0.1898651123,0.6707611084,0.1972045898,-0.8923096657,0.9422255754,-0.2921485007
-0.4054412842,0.9055938721,0.2078857422,0.2755831182,-1.725962162,4.242461681
-1.035140991,1.158279419,0.7236480713,2.623755693,-1.089806557,3.595381498
-0.8957366943,0.7657165527,0.4936218262,-1.219621539,0.9695349932,3.538054466
-0.7077636719,0.7030639648,0.2161560059,-0.6046837568,1.670783877,1.97454083
-0.7959747314,0.5728607178,0.3906555176,1.445889831,-0.6358270645,0.7694956064
-0.9365844727,0.4367370605,0.554473877,0.2051771134,0.212781772,-0.6466913819
-1.152297974,1.100463867,0.6010284424,-1.239975214,0.1829522401,-3.445762873
-0.8057250977,1.51739502,0.3742218018,-1.418852091,0.6496914625,-5.359391212
-0.4184570313,0.8979644775,0.3053894043,-0.2111364752,1.113752365,-4.158813477
-0.2050933838,0.5152282715,0.1793212891,-0.1818028241,0.3799302876,-1.113667965
-0.2466583252,0.6134033203,0.2161712646,0.6213644743,-0.8841119409,1.590784669
-0.5639953613,1.01008606,0.4486694336,0.9460898638,-1.804965138,4.777725697
-1.372772217,1.148605347,0.6991424561,0.5975379944,-0.03892849013,4.769433975
-0.9648742676,0.4813995361,0.4506835938,-0.9866247177,1.523358703,1.87536788
-0.6369628906,0.5608520508,0.2428588867,-0.3232033551,1.192339063,1.009174824
-0.7306060791,0.5027770996,0.3555908203,0.8773648143,0.05420544744,1.283878565
-0.9672851563,0.5854034424,0.4425048828,0.8468359709,-0.2703766227,-0.3054267466
-0.9638214111,0.8674621582,0.4191741943,0.009377788752,-0.6303401589,-2.417201996
-0.8696594238,1.32901001,0.2600860596,-0.534583807,-2.137060642,-4.326014042
-0.7422485352,1.174880981,0.4086151123,-1.463566542,1.874326944,-4.275714397
-0.2262573242,0.6053924561,0.1293640137,-0.5203606486,1.545019865,-1.788224459
-0.1409606934,0.5023651123,0.09895324707,0.5604936481,-0.1969042718,0.5436521173
-0.5397796631,1.102478027,0.4976348877,0.7960081697,-1.123209476,4.117347717
-1.178649902,1.325683594,0.7405090332,-0.1168579087,-0.2031179667,5.090775967
-0.8672485352,0.7267150879,0.4497680664,-1.757013559,0.4787932038,2.275895119
-0.7440490723,0.7528381348,0.2384033203,-1.429414988,-0.237331599,1.353748918
-0.7687225342,0.5042724609,0.2444152832,-0.3297843039,0.5289376378,1.211278677
-0.9968719482,0.6389923096,0.3781738281,0.94454813,0.2640289962,-0.6073765159
-0.9693145752,0.8759460449,0.5241699219,0.9909574389,0.2437503487,-3.162682533
-0.9108276367,1.373443604,0.5213623047,0.2376210839,0.07614003867,-5.244321346
-0.5142059326,0.8314361572,0.4218444824,-0.008769256994,1.299407125,-4.074497223
-0.3169250488,0.4933929443,0.2468719482,0.4127462804,0.1677991152,-1.241410732
-0.4013519287,0.6334991455,0.3013305664,0.4704535306,-0.6462115049,1.020504355
-0.578994751,0.8398895264,0.4034118652,0.4859485924,-1.163027763,4.849114418
-1.12210083,1.014694214,0.6613311768,0.7573691607,-0.8942607045,3.337172508
-0.811920166,0.5620727539,0.4725799561,-1.561609149,0.9795724154,1.545710921
-0.6343078613,0.5829315186,0.2492980957,0.01499412954,-0.1610341519,1.553138733
-0.8908691406,0.5905609131,0.409866333,0.9428064227,-1.243251443,1.081946254
-1.338104248,1.288818359,0.6102600098,0.1957175732,-0.2498391271,-1.208925724
-0.943572998,1.096191406,0.3874206543,-0.2076511979,-0.02434262447,-3.947483301
-0.630065918,1.024520874,0.2546691895,-0.1960475296,0.1224425584,-4.03828764
-0.4624481201,0.8475189209,0.2650756836,-0.1130695641,0.7046247721,-3.503654718
-0.3150634766,0.5561218262,0.2214813232,0.07851238549,0.5218600035,-0.2050519437
-0.45652771,0.7944335938,0.3511657715,0.9160459042,-0.01583648659,1.975418687
-0.8190002441,1.029953003,0.4308776855,0.4358811677,-0.5260757804,4.208535194
-0.8257141113,0.7418212891,0.4368286133,-0.02967107669,0.4176995158,2.910447359
-0.7077026367,0.740524292,0.2897186279,-0.7528143525,0.9670163989,1.426394701
-0.7124023438,0.6038208008,0.2874145508,0.3159486353,-0.2281415612,1.652324677
-1.040115356,0.7388763428,0.4468688965,0.3168967366,-0.5346966982,0.5064096451
-0.9508972168,0.8527679443,0.427734375,-0.8135714531,0.8159430027,-2.767476797
-0.6304473877,1.075241089,0.1961364746,-0.03264582902,-0.809168756,-3.777900219
-0.4729003906,0.8048858643,0.2834014893,0.7009269595,-0.06583254039,-3.137643099
-0.3927459717,0.648223877,0.2336730957,0.04633554071,0.2034652382,-1.057857871
-0.4532318115,0.7351226807,0.2786560059,-0.1501447558,0.1935670674,0.427564919
-0.4425506592,0.8609771729,0.3196105957,-0.191568628,-0.1653122604,3.082345486
-0.9711914063,1.014663696,0.5518798828,1.267987728,-0.8617802858,2.301617622
-0.7283477783,0.575088501,0.4104919434,-1.070823193,0.340996474,1.517151713
-0.6639556885,0.6562194824,0.2540740967,-0.111695908,0.3174919486,1.315967202
-0.7834014893,0.670715332,0.4086608887,0.6679178476,-0.263212204,0.8359707594
-0.9777526855,0.8415527344,0.5179138184,-0.2851878107,0.1557440609,-0.6614237428
-0.9705657959,0.905670166,0.4267883301,-1.198165536,0.1653503478,-2.798012972
-0.5794219971,0.9322357178,0.2042388916,-0.06964085996,0.3801673055,-3.126005173
-0.3319396973,0.7194976807,0.2168121338,-0.01408545859,0.7590973377,-3.104398012
-0.3396759033,0.6557769775,0.3230285645,0.4559946954,0.5654498339,-0.08362272382
-0.4060211182,0.5946044922,0.3860626221,-0.4214154184,0.2149466574,1.490518212
-0.6655731201,0.7789764404,0.3833312988,-0.2412949055,-0.8215412498,4.685387611
-0.9080657959,0.8482971191,0.4339599609,-0.01591318659,-0.2949898243,2.170632362
-0.7592468262,0.729888916,0.3197631836,-1.842966557,1.545610309,0.9682475924
-0.6685638428,0.6786651611,0.2010345459,0.1050374731,0.272941798,0.6896665692
-0.7099456787,0.5804748535,0.4288024902,0.1326019913,0.8304234147,-0.03933302313
-0.508972168,0.6802062988,0.4209899902,-0.2518162727,1.247647047,-0.1785015613
-0.4775238037,1.033096313,0.4659881592,0.1105171889,0.5611738563,-0.1399986446
-0.320892334,1.252319336,0.4771881104,-0.8478183746,0.4810068309,-0.1828648895
-0.2238616943,0.8412628174,0.4223175049,-0.3327832818,0.9271430373,0.2864008546
-0.1563110352,0.8087768555,0.2821044922,-2.344543934,2.176178455,0.3677170277
-0.1839294434,0.8926086426,0.1102752686,-2.494561195,2.202746391,0.9783665538
-0.6273193359,0.9482727051,0.2213287354,-3.176041842,1.934924245,1.178042412
-0.9104614258,0.7640075684,0.1060180664,-1.731177211,2.316408157,2.523748398
-0.7886962891,0.2154846191,0.3159179688,0.0001254348899,0.804284215,1.052020311
-0.7317810059,0.2813873291,0.4310913086,-0.2869199216,0.604411304,0.9391168952
-0.9818572998,0.6702423096,0.6133728027,0.05101577938,0.7506399155,0.4639245272
-0.7687530518,0.6881408691,0.577331543,0.7299937606,0.03163995221,-0.4727193415
-0.8556060791,0.8336486816,0.5336608887,-0.08517428488,0.1865003705,-0.5919216275
-0.725402832,0.8007202148,0.2866516113,-0.6109323502,0.1753787398,-1.168319464
-0.5149841309,0.5523376465,0.2667999268,-0.3531780243,0.4660446644,-0.863247931
-0.4438018799,0.5463409424,0.1802520752,-0.5509139895,0.6800594926,-0.2989334464
-0.516204834,0.7671051025,0.2420349121,-0.05315642804,0.3193122149,0.5668359995
-0.6108398438,0.991394043,0.37890625,0.02671683207,0.7948052287,2.043444872
-0.652633667,0.931137085,0.5793151855,-1.29793334,1.720108271,2.749339104
-0.6669006348,0.8217773438,0.2760772705,-1.801630378,1.769664884,1.309007525
-0.5963134766,0.5648498535,0.1959228516,-1.767345071,0.7985320687,-0.03500405699
-0.5228881836,0.5971069336,0.09346008301,-0.4552668631,0.1999370903,0.2246102095
-0.6920318604,0.6307220459,0.2992401123,1.742145181,-1.019899368,-0.08069831133
-0.8849334717,0.6701812744,0.5939331055,1.540245295,-1.017264724,-0.06477206945
-1.085784912,0.8757171631,0.6630554199,0.07435678691,0.9253726006,-1.391513348
-1.032348633,1.143325806,0.5459136963,-0.3768002689,-0.8146769404,-4.065838814
-0.6552734375,0.9236755371,0.3143920898,-0.7110541463,1.085666656,-3.670553207
-0.2727813721,0.5558929443,0.1697235107,0.2425332814,0.7331751585,-1.927947998
-0.2260284424,0.4393615723,0.1739959717,0.2152625173,-0.1357849985,0.7827224731
-0.5116119385,0.8125915527,0.3627624512,1.372919202,-0.7117154002,3.808376789
-1.078109741,1.34954834,0.592666626,-0.49743402,-0.6207612753,6.592661381
-1.151107788,0.695892334,0.4425201416,-1.488100648,2.154400587,2.32303524
-0.6497955322,0.7394561768,0.1954040527,-0.8174418211,1.214523196,-1.047949076
-0.4925537109,0.4577941895,0.2029724121,0.3589072824,-0.2531464994,0.3198709488
-0.8258972168,0.7059020996,0.4348754883,1.072617412,-0.1998007298,0.3761576414
-1.14755249,1.075805664,0.7008514404,1.408863664,-0.5775101781,-0.9741515517
-0.8761138916,0.9174194336,0.445022583,-0.8571721911,-0.3417858183,-3.607542753
-0.6077575684,0.8861541748,0.2766418457,0.3206011951,0.02613386512,-3.451353788
-0.4140625,0.6874389648,0.2925109863,-0.06202741712,0.6244127154,-1.548039556
-0.2773132324,0.6485900879,0.2230529785,-0.1374555975,0.7703915238,0.4209938347
-0.6045379639,0.8841705322,0.4555358887,1.127355218,-0.8617536426,2.254261732
-0.7745819092,0.8931274414,0.5086364746,-0.4891771376,0.2553159297,4.198581219
-0.7611236572,0.6262969971,0.3518066406,-0.9429693818,0.7667586803,2.717889786
-0.7285003662,0.7515716553,0.2675628662,-1.712552667,1.118031502,0.9596275091
-0.6457214355,0.6289672852,0.1724700928,0.4180297256,-0.3257176578,0.7200993299
-0.8196105957,0.6105957031,0.3454742432,0.7240573168,-0.2067667544,0.350286901
-1.110733032,1.004104614,0.4641113281,1.045354605,-0.7159956694,-2.084393501
-0.7515869141,1.320388794,0.3377380371,0.7557212114,-1.42663908,-5.412590504
-0.5829772949,0.8842315674,0.3800506592,-0.4404034913,0.6720140576,-4.050620556
-0.3310089111,0.6499023438,0.2202758789,-0.5678903461,0.7726389766,-1.664844513
-0.3749084473,0.6000671387,0.195022583,-0.5670357347,0.06357178837,0.5303298831
-0.4649810791,0.8322753906,0.4176483154,0.6151584983,-0.2081156522,2.773388863
-1.217178345,1.160171509,0.8242797852,0.5069191456,-1.450816631,4.455004215
-0.9327392578,0.5103607178,0.5919799805,-2.152144432,1.313942194,2.272018433
-0.6992340088,0.677444458,0.1684265137,-0.7848639488,0.5673230886,1.128545403
-0.696395874,0.5643005371,0.2416229248,0.8554893732,-0.8084148169,0.8477116227
-0.9422454834,0.6023712158,0.4061279297,1.394612789,-0.3498008847,-0.0259541031
-0.9749450684,0.8208007813,0.4882965088,0.9186906815,-0.1638821363,-2.38861084
-0.860244751,1.274185181,0.384765625,0.2318066061,-1.243920207,-4.733551502
-0.5760650635,0.9270477295,0.3813476563,-0.1324075758,0.7466891408,-4.20808506
-0.3181610107,0.5902252197,0.2158508301,-0.7666873336,0.4436693192,-1.349162459
-0.309967041,0.6455230713,0.1103515625,-0.1777047515,0.01057488006,0.9168118238
-0.7267913818,1.211227417,0.5589904785,1.251201034,-0.4940643013,2.950806856
-1.028244019,0.9875488281,0.6126098633,-0.5392246246,0.110200271,4.134043694
-0.8827972412,0.7325897217,0.4087982178,-1.52143383,1.000871539,1.981310606
-0.6631317139,0.6374206543,0.2348937988,-0.5887487531,0.1397709548,0.9180331826
-0.6685943604,0.5444793701,0.2715759277,0.4578818083,-0.3180200458,1.360306978
-1.049530029,0.6740264893,0.457611084,0.5152484179,-0.2684056163,0.1755182892
-0.976272583,0.8302764893,0.4703674316,0.08086396009,0.5001347065,-3.000330687
-0.7422790527,1.208145142,0.3726501465,0.4473407567,-0.3143366277,-4.422944546
-0.4752655029,0.7587432861,0.3886871338,0.6325595975,0.1939707994,-3.175468206
-0.2905731201,0.6234893799,0.2316894531,-0.02099769376,0.710901022,-0.6775870323
-0.4773406982,0.8913116455,0.2701721191,0.2731665671,-0.259027034,1.115744948
-0.4752044678,0.753112793,0.4499053955,0.2106573731,-1.848033786,3.732717276
-0.9187316895,0.9523773193,0.6948852539,0.3677239418,-0.213982597,3.717838287
-0.7755737305,0.5329742432,0.4320678711,-1.169588923,0.5846064687,1.806017041
-0.6602020264,0.6388549805,0.259262085,0.2409849167,-0.09090168029,0.6404372454
-0.7695617676,0.6079559326,0.4285125732,1.340086937,-0.4987850487,0.07359618694
-1.031204224,0.9703979492,0.6701812744,0.6446133256,0.07427609712,-1.470526457
-0.9444580078,1.234161377,0.5005950928,-1.511448026,-0.03769251704,-4.169485569
-0.5398864746,0.8800964355,0.2584991455,0.06130623445,0.7321759462,-3.529788017
-0.3684539795,0.7360229492,0.2472991943,0.7167434692,0.08837300539,-1.58322525
-0.1961364746,0.784576416,0.206237793,-0.0237303637,0.8977926373,-0.2411889136
-0.5201263428,1.264083862,0.3659515381,-0.1806912124,-1.509230375,4.13720417
-1.036590576,1.17515564,0.6352233887,0.9847064614,-0.6145550609,3.849271297
-0.8699798584,0.6143951416,0.3982391357,-1.142411113,2.17851162,2.684031248
-0.6505584717,0.6703491211,0.2511749268,-1.255975485,1.980132699,0.08393830806
-0.5980987549,0.5539093018,0.2090911865,-0.1787127554,0.7415896654,0.7744672298
-1.008285522,0.8401184082,0.4714508057,1.314511061,-0.138801828,-0.01320341974
-0.925201416,0.8172607422,0.4498901367,-0.2314167172,-0.2025610954,-3.091438055
-0.654006958,1.170471191,0.2547454834,-0.5760164261,-0.5369262695,-3.78189373
-0.4139099121,0.8086547852,0.2031707764,-0.04397278279,0.7855345011,-2.691861153
-0.3039093018,0.6278076172,0.1304779053,0.3692984283,0.1005606949,-0.6006498933
-0.4370422363,0.7588348389,0.3224945068,1.180055141,-0.2344058454,1.084025025
-0.5670166016,0.9578552246,0.4421081543,-0.7855603695,0.05534208566,4.418244362
-0.9773254395,1.036590576,0.4185333252,0.5234578848,-0.8609110117,2.733675241
-0.8038482666,0.5726470947,0.3766937256,-0.9654552937,0.6716595888,0.9421723485
-0.5897369385,0.6623535156,0.2131958008,-0.1988278776,0.7772736549,0.461971879
-0.6828613281,0.6392211914,0.3376922607,1.029424191,-0.4807642102,0.588514626
-1.244064331,1.370101929,0.608505249,-0.1219040677,-0.4331141412,-1.119462967
-0.9037780762,0.9376525879,0.3879699707,-1.043199062,0.6221943498,-3.530501842
-0.5814208984,0.9599609375,0.1982421875,-0.2769554257,-0.0120715769,-3.381709576
-0.3047943115,0.6543731689,0.1757049561,0.6183844209,0.4325197339,-2.083639383
-0.3701629639,0.5765838623,0.2244720459,0.5911442637,-0.1889850944,-0.07789453119
-0.4893798828,0.7175292969,0.4187316895,-0.08209992945,0.1457926184,1.14288044
-0.5511627197,0.9033966064,0.322265625,-0.9138751626,0.008492021821,4.999119759
-0.9535675049,0.9946136475,0.4015960693,0.8755559921,-0.7001695633,2.520106077
-0.801864624,0.7024078369,0.3654022217,-1.440414071,1.212400556,0.7501461506
-0.5530548096,0.6466369629,0.1258544922,-0.4648782015,1.060505867,0.9606387019
-0.6731567383,0.6241760254,0.2648468018,1.193854928,0.3415986001,0.8101711273
-1.053451538,1.222061157,0.5458831787,1.209685206,0.2310955375,-0.9493703246
-0.9829101563,0.8428039551,0.5396270752,-1.729505301,-0.04108218849,-3.871761084
-0.6055755615,1.275543213,0.2811279297,-1.462212801,1.167831779,-3.720788002
-0.4437866211,0.7610321045,0.384552002,0.5935109854,0.4872415662,-2.561705589
-0.2840576172,0.5338897705,0.4063110352,-0.9359301329,0.6058792472,-0.4307798743
-0.3004150391,0.5830078125,0.3222198486,-1.946299314,0.1243445873,2.150169849
-0.5672302246,1.442733765,0.3800201416,-2.892548561,0.08980205655,5.797639847
-1.136123657,1.444046021,0.1912536621,-2.304747343,0.2273420691,5.39481926
-0.709274292,0.8427124023,0.3081054688,-2.4961133,3.862304211,0.07096019387
-0.3815307617,0.678314209,0.0352935791,-3.006122351,1.432680845,-0.241926074
-0.3147125244,0.5177612305,-0.0597076416,-1.05975461,0.460931927,1.603825092
-0.6731414795,0.9392700195,0.3362121582,2.678769588,-0.1996819526,2.934752941
-1.049133301,1.040267944,1.220596313,1.899891973,1.45848763,1.552744389
-0.7520141602,0.6899871826,1.099502563,-0.4909585416,3.457486629,-2.037078857
-0.4829864502,0.6657714844,0.3591156006,-0.7345117927,-1.681416035,-2.996165276
-0.6713256836,0.8845367432,0.4645996094,-0.4316563308,0.2195001394,-2.135113716
-0.5458831787,0.7834472656,0.3317565918,-2.342968464,1.879144788,-1.378054619
-0.1259307861,0.7791900635,0.1030731201,-0.5987023115,0.5918329358,0.3289600611
-0.6130065918,1.076217651,0.4881591797,0.6724412441,-0.5538762212,2.084085941
-0.8942718506,0.9205932617,0.5045166016,-0.1738791168,0.6910511255,3.559576511
-0.7182159424,0.5210571289,0.4072570801,-1.412028551,2.023184538,1.499834776
-0.5849304199,0.7772064209,0.1991119385,-1.416555405,1.274144888,0.3443714976
-0.5211486816,0.5971984863,0.1704559326,0.3528185189,-0.1960049272,1.025920987
-0.8467102051,0.6876678467,0.4613342285,1.40005362,-0.4116871655,0.8746276498
-1.109375,0.8950958252,0.6202697754,0.5224791765,-0.06279946864,-1.035578132
-0.8798370361,1.202331543,0.383895874,-0.1415669918,-1.878947973,-4.746726513
-0.6307525635,0.9217224121,0.3498535156,-0.8516967297,0.6819793582,-3.861930609
-0.3324584961,0.6600341797,0.2113342285,-0.59919101,0.782148838,-1.596604705
-0.2170410156,0.642578125,0.1551208496,-0.3793065846,0.2391777039,0.7135652304
-0.6029510498,1.005371094,0.458480835,0.8609570861,-0.8155605793,2.733559608
-0.7928314209,0.8670654297,0.5520629883,0.1604000628,0.3380800486,4.718543053
-0.9445648193,0.8138427734,0.4321136475,-1.261308789,0.6897169352,2.716948986
-0.6519470215,0.6651153564,0.2743225098,-1.700204134,2.681319475,0.6166344285
-0.4877929688,0.622756958,0.1270294189,-0.2545808852,0.05300303176,0.7496468425
-0.7794494629,0.7511138916,0.328918457,1.255772114,-0.7219733596,1.198319197
-1.083282471,0.9159698486,0.5569152832,1.059865117,-0.5507129431,-1.020433307
-0.8686828613,1.185913086,0.3988037109,0.1254580617,-1.107685089,-4.614536762
-0.5217437744,0.8132629395,0.3973846436,0.4719933569,-0.1072601452,-3.784027338
-0.3076171875,0.6594085693,0.2312927246,-0.468097955,0.9786666632,-1.491907835
-0.1219482422,0.7874298096,0.1135253906,-0.4255752563,0.4634451568,1.906555414
-0.712097168,1.282180786,0.3618927002,0.02574850619,-2.503931046,1.819150448
-0.8765563965,0.7849273682,0.6547698975,0.6405704021,1.194048285,2.637564421
-0.6304626465,0.4845428467,0.4190979004,-1.725742221,1.584469199,1.302756071
-0.5572509766,0.6190185547,0.2377319336,-1.066497207,0.4614336789,1.328584433
-0.7431640625,0.5892181396,0.2752380371,0.2976279557,-0.2573575079,1.19022584
-0.9602966309,0.7265472412,0.4432373047,0.3875783384,-0.1755867302,-0.3021689057
-0.9457855225,0.8673400879,0.4016265869,0.0378579013,-0.1805066615,-1.841136217
-0.5877532959,0.8597869873,0.1817169189,0.5786529779,-0.557079494,-2.936587334
-0.4479827881,0.7490234375,0.2581176758,1.49285841,-0.8715159893,-2.807983398
-0.3821105957,0.6649017334,0.3005371094,0.1322381943,0.09568870813,-0.6387048364
-0.4227600098,0.9411621094,0.2906494141,-0.5790532231,0.3942226768,0.5225470662
-0.6709747314,1.194198608,0.4208068848,-0.1558678895,-0.6353775263,2.303696632
-0.8251647949,0.8595733643,0.4169616699,-0.4435582757,0.7324795723,2.666180611
-0.7083587646,0.5245056152,0.387008667,-0.5139117837,1.197860003,1.307337284
-0.5061340332,0.6000366211,0.2597808838,-1.289875984,1.178759575,0.8267821074
-0.6700134277,0.6279296875,0.2297363281,0.5296555758,-0.5464116931,1.086071491
-0.9053192139,0.7058410645,0.3957366943,1.152513027,0.0237388853,0.1043216139
-0.8561706543,0.7869110107,0.3564147949,-0.1999701113,0.4000959992,-1.608800173
-0.5490570068,1.173339844,0.1441802979,0.3694480956,-2.098872662,-4.203158855
-0.5537719727,0.7870788574,0.3722076416,-0.06354488432,-0.39826563,-3.130004406
-0.3527374268,0.6540222168,0.1759643555,-0.5412587523,0.9215980768,-0.9595353603
-0.3525238037,0.810546875,0.2091827393,0.6114287376,-0.03428154066,0.7414565086
-0.5079040527,1.007949829,0.354888916,-0.2962633669,-0.4684833288,3.109722137
-0.7863616943,0.9343719482,0.4801483154,0.4105691612,0.2331421673,2.457565546
-0.7061309814,0.6496582031,0.3515472412,-1.105604887,0.3899858594,2.157417297
-0.6797485352,0.7338409424,0.2403717041,-0.5457786322,0.6367924213,1.390880823
-0.7269897461,0.6210327148,0.352645874,0.8605669141,-0.3507196605,0.6827468872
-1.016647339,1.031555176,0.4863128662,0.5103226304,-0.8152788281,-0.9210015535
-0.9275665283,0.9577484131,0.4236602783,-0.6849272251,-0.958117485,-2.873330593
-0.6854400635,1.058151245,0.2356872559,-1.023075938,0.1891928315,-3.642320633
-0.478805542,1.00340271,0.2657775879,-0.3012940586,1.044167876,-3.484955549
-0.2372131348,0.6870422363,0.201751709,-0.5888094902,1.028410554,-1.026058435
-0.1915283203,0.6236724854,0.1476898193,0.4931002557,-0.1974707246,1.753651381
-0.5892333984,1.147079468,0.4811248779,-0.5242486,-1.718415618,4.043813705
-1.207168579,1.075363159,0.630569458,-0.02863377519,0.5759440064,4.454272747
-0.8226470947,0.5604705811,0.3421630859,-1.266559482,1.216050267,-0.2079707682
-0.4662780762,0.6476135254,0.1754455566,0.7671341896,-1.178358197,0.165620923
-0.7259979248,0.6164245605,0.4438934326,1.125498772,-0.8828696012,1.186787963
-1.210662842,1.090332031,0.6480255127,0.2018849254,-0.7631029487,-0.7799719572
-0.8463287354,0.8764801025,0.4570617676,-0.85662359,0.409679383,-3.662807703
-0.5225219727,1.000335693,0.2032623291,-0.5265543461,-0.8658235073,-3.204062462
-0.4176177979,0.7461090088,0.1959228516,0.264857769,0.1441779435,-2.120536327
-0.4394073486,0.651763916,0.2378997803,0.01184547413,0.09228146076,-0.7618542314
-0.4369506836,0.7925720215,0.2409973145,0.06583813578,0.1693621278,0.3961372077
-0.4801177979,0.9673919678,0.4193878174,0.2425617725,0.1454488039,2.685361862
-0.8523101807,0.9074249268,0.5458984375,0.9028608799,-0.3039345741,3.277145147
-0.8833312988,0.6011199951,0.5799560547,-0.5903080106,0.4177706242,1.793112993
-0.6099853516,0.6675720215,0.2478790283,-0.6605907083,0.9955332875,0.7029903531
-0.6309967041,0.5863037109,0.3569030762,0.6122617722,-0.123844713,0.5730257034
-0.9857788086,0.9570007324,0.5195007324,0.4466611147,-1.296995163,-0.1378196478
-0.7959594727,0.7753295898,0.3384246826,-0.7604541779,0.2418331355,-2.19058156
-0.5775299072,1.023605347,0.1295623779,-0.3275664151,-1.610884666,-2.923628807
-0.5039672852,0.8559570313,0.2398529053,0.3464375734,-0.0570640862,-2.664372206
-0.4169769287,0.7221374512,0.239730835,-0.02596369013,0.5006926656,-1.325984955
-0.364151001,0.7861022949,0.3015594482,0.3029063344,0.5847822428,0.09195868671
-0.4676818848,0.9695587158,0.4414520264,-0.5552182198,0.4922312498,2.851933002
-0.8708343506,0.9188537598,0.4576568604,0.8965454698,-0.6981378198,2.659096003
-0.680267334,0.5547027588,0.4214477539,-0.8727743626,0.009809221141,1.481411099
-0.5883636475,0.6969451904,0.206741333,-0.4485926926,0.2695198953,1.269442558
-0.6978759766,0.5947418213,0.3689727783,1.104341507,-0.1616839767,0.7828963995
-0.8969116211,0.7476806641,0.516204834,-0.07916645706,0.07590062171,-0.5275426507
-0.8279571533,0.7512054443,0.3716430664,-0.1661239862,0.4428445399,-2.134887457
-0.60597229,1.013137817,0.2540130615,-0.3820248544,-0.9328352809,-2.890535831
-0.4781494141,0.797164917,0.2278442383,0.1096412763,0.1311905086,-2.285342216
-0.4656677246,0.6556396484,0.2684020996,0.3497699797,-0.001896969625,-1.022300124
-0.5340576172,0.793258667,0.4191741943,-0.549880147,0.2698535919,-0.5519888401
-0.5742950439,1.032745361,0.4462890625,-1.16546905,-0.2955927551,1.832872629
-0.8093109131,0.7198181152,0.4909667969,0.6707253456,-0.2665398121,2.915175915
-0.81690979,0.5139007568,0.5662078857,-1.058253646,0.4657312036,1.418794274
-0.5336608887,0.5675506592,0.2248077393,-1.159277201,1.398388028,1.095424175
-0.6920318604,0.5442810059,0.3318786621,0.9552532434,-0.5955661535,1.000519753
-0.8489685059,0.5953521729,0.5725708008,-0.3706526458,0.573009491,-0.02112525888
-0.7686462402,1.217681885,0.510848999,-0.1367200315,1.574440837,-0.3606069088
-0.3793334961,1.070709229,0.6240081787,-1.352890134,2.147503853,-1.63368392
-0.1106262207,0.9269256592,0.3658447266,0.2578914762,0.5337105393,0.1799785495
-0.1958618164,0.9758758545,0.5220947266,-1.854166031,1.478846669,0.6447616816
-0.4087982178,1.1302948,0.1964569092,-2.719307423,1.23012054,1.639146328
-0.4207000732,0.6763916016,0.1231079102,-2.303473473,1.849662304,1.815196991
-0.4370269775,0.9341430664,0.2134399414,-3.257460594,2.936632872,0.3983367383
-0.7561035156,1.15447998,0.1328277588,-3.759645939,2.278497219,3.10862422
-0.7390899658,0.5648651123,0.2078704834,0.3984232843,2.193557978,2.636232615
-0.7162017822,0.1610870361,0.3898620605,-0.1669599563,0.3085399866,1.722738147
-0.9552612305,0.7077636719,0.4653015137,-0.5238416791,0.4936499298,1.366668701
-0.9091949463,0.6692047119,0.4808044434,0.4643341303,1.368632078,0.08625179529
-0.9015197754,0.8694763184,0.5990600586,0.3441890776,0.2614699602,-0.7177426815
-0.7893829346,1.028518677,0.5043182373,-0.9211922288,1.152063251,-2.018655777
-0.3977966309,0.5540924072,0.2210540771,0.2820577919,-0.10250853,-2.242227316
-0.3037567139,0.4774627686,0.2597808838,0.05008527264,-0.07641035318,-0.9867544174
-0.5104675293,0.6901245117,0.297454834,-0.3995212913,-0.191127345,0.9271358252
-0.6648864746,0.8529510498,0.314163208,0.02164084651,0.4207791686,1.354502082
-0.8149108887,1.23147583,0.5623779297,0.2893191576,-0.2661914825,1.598238826
-0.6428985596,0.6345214844,0.2469787598,0.2470175177,0.3757552505,1.973393321
-0.5567169189,0.5374603271,0.4227600098,-0.1758956611,-0.04431553185,0.4081677794
-0.5402679443,0.5731658936,0.2671203613,-1.540295362,1.410912633,0.3287049234
-0.5918426514,0.5688171387,0.3576965332,-0.3498688042,1.156923294,0.2021634877
-0.6570587158,0.6995544434,0.4596405029,0.7370148897,0.05206719413,0.02534663491
-0.8112640381,1.003540039,0.5252227783,-0.4150339365,0.2955738604,-0.6108998656
-0.8510284424,0.9546966553,0.3989257813,-0.04527107626,-0.9018608332,-1.452688813
-0.5037078857,0.7041931152,0.1077270508,-0.3555493057,-0.4210678637,-2.048038244
-0.2884979248,0.5524902344,0.1172027588,1.190302491,0.05287013948,-1.735407591
-0.4025726318,0.788192749,0.27734375,2.360493183,-0.4083313048,2.052238464
-0.598526001,0.9212646484,0.2701873779,-0.0996972993,-0.2755807042,0.5897535682
-0.4257659912,1.123779297,0.1956634521,-1.613413334,0.9802216887,1.849221587
-0.7060089111,0.8067169189,0.3447265625,0.5529150963,0.1163931862,-0.02603026852
-0.502166748,0.5326690674,0.299911499,-1.69930923,1.340541244,0.04392910749
-0.481842041,0.6300964355,0.2102203369,-0.1186968237,0.6218172312,0.5016024113
-0.6324310303,0.7441558838,0.4528656006,0.5978655219,-0.1206683591,0.614697516
-0.7912597656,0.9480895996,0.3972320557,-0.277107507,-0.4410035014,0.1935225874
-0.7945098877,0.6934204102,0.3278198242,-0.1955527216,-0.8159393072,-0.5699105859
-0.5459289551,0.7120513916,0.1407012939,-0.1862292588,-0.5300148726,-1.538257003
-0.4450836182,0.7705688477,0.2172546387,0.1570303589,-0.0533252731,-2.054924726
-0.4039764404,0.6861572266,0.1677856445,-0.1410447359,-0.01252671052,-0.6409746408
-0.5558929443,0.9882049561,0.3071594238,0.08445629478,0.2337677479,0.5559250116
-0.4716949463,0.9013977051,0.3564300537,-0.2294568866,0.4349671602,1.81589365
-0.6678009033,0.746673584,0.5314331055,0.02901780233,0.4205256402,0.8311368823
-0.4660339355,0.5194091797,0.2722015381,-1.76534605,1.408755183,0.7476449013
-0.4817047119,0.613494873,0.2098236084,-0.5287889838,0.1456077993,0.9236588478
-0.6584014893,0.652053833,0.3275909424,0.4056593478,-0.1494528651,1.289855719
-0.8687896729,0.7831573486,0.4145202637,0.3287427425,-0.7676716447,0.2020825297
-1.043197632,0.9148101807,0.4391174316,-0.2527811229,-1.00954473,-1.160140872
-0.6364746094,0.8535614014,0.1948699951,-0.7304571271,0.3758857548,-3.454065561
-0.4247589111,0.8452911377,0.2471466064,0.761265099,0.4797058702,-3.237552643
-0.4125823975,0.8230438232,0.2602539063,-0.9244117141,0.2215925753,-0.9871608615
-0.3519134521,0.6750946045,0.3050537109,-0.1984640956,0.7264621258,1.127581835
-0.4694671631,0.5423431396,0.4113616943,0.3865573108,-0.8877133727,4.292006016
-0.9277038574,0.835357666,0.609085083,0.1021354198,-0.5641462207,2.763909817
-0.7909240723,0.6979980469,0.3060302734,-1.171373844,0.3434159458,0.5173440576
-0.5884552002,0.5682373047,0.2181091309,0.3568979502,-0.1691477448,0.1251872182
-0.6787719727,0.6033325195,0.3043823242,0.9943106174,-0.5309551954,0.137904346
-1.072235107,1.40914917,0.4917907715,0.8400749564,-0.3297962844,-0.8748553395
-0.8820648193,0.9820556641,0.4101867676,0.01489266288,-0.7440773249,-3.177536488
-0.5931243896,0.9278106689,0.299331665,-1.021135092,0.4157596529,-3.518266439
-0.3271942139,0.6974029541,0.1815795898,-0.1515269428,0.8813347816,-2.567446709
-0.3125762939,0.5172119141,0.1722412109,0.2858863473,-0.6597629786,0.06090968847
-0.5323638916,0.7953491211,0.3101348877,0.97099334,-0.5591474175,2.553440809
-0.7805786133,0.9087677002,0.4769287109,0.04130030051,0.07389499992,4.277979374
-0.8605804443,0.7038421631,0.4206848145,0.2547475994,0.5323605537,1.77441895
-0.643081665,0.6817169189,0.311340332,-0.8988392353,0.4652363956,0.3262028694
-0.6077575684,0.6235656738,0.2005615234,0.3164780736,-0.09967492521,0.9980300069
-0.7826538086,0.6705932617,0.4045562744,1.002525687,-0.6391503811,0.3304024041
-0.9797515869,0.9339447021,0.4945983887,0.1064611971,-0.2478686571,-0.9130855203
-0.8043670654,1.146957397,0.3123626709,-1.12464416,0.2916403711,-3.496875525
-0.5571136475,0.8511962891,0.2536773682,0.2594651282,0.2222138941,-3.378279686
-0.3330841064,0.6592559814,0.2151489258,-0.04426892847,0.2016012967,-1.772800803
-0.330581665,0.727142334,0.1779632568,0.03032887727,0.0127032781,0.4515488148
-0.6627502441,1.176574707,0.4853057861,-0.1959284991,-0.7107720971,1.970575094
-0.918548584,0.9182281494,0.5006103516,0.2392871529,0.3203897178,3.109551191
-0.7125244141,0.493560791,0.4617614746,-0.3784354627,0.05857622623,1.379572034
-0.6328430176,0.6295623779,0.2848358154,-0.7207038403,0.6351522207,0.994807601
-0.7017974854,0.6533966064,0.3166809082,0.4590291083,-0.3510858417,0.7093009949
-0.8950195313,0.7557830811,0.4535217285,0.2260184884,0.08461421728,-0.02753096074
-0.8441467285,0.6368408203,0.402557373,0.353248328,-0.7232234478,-1.827856064
-0.6903533936,0.9343109131,0.3172302246,-0.3072448969,-0.5049862266,-2.961271763
-0.5031890869,0.8133544922,0.2779388428,-0.3695418239,0.8367124796,-2.497714758
-0.3721618652,0.6438598633,0.1798400879,-0.2741569877,0.239608869,-0.709484756
-0.4649047852,0.7738342285,0.2753295898,0.49567765,-0.4334206879,0.8202938437
-0.5213470459,0.8475036621,0.395401001,-0.1781521589,-0.4896559715,3.027729273
-0.9268035889,0.9230041504,0.4988098145,0.6411549449,-0.1688457429,2.123271465
-0.6765441895,0.5141448975,0.3862762451,-0.8759405613,0.5824591517,0.7500249743
-0.5679626465,0.5971679688,0.2326812744,-0.1990617067,0.1816182584,0.6247797012
-0.6865234375,0.6093597412,0.36378479,0.5456068516,-0.2255713344,0.5040274858
-0.998840332,1.103286743,0.4877166748,0.1329857409,-0.1059123203,-0.5711503029
-0.8695831299,0.7516784668,0.44140625,-0.7654044628,0.2882291377,-2.099953651
-0.5769195557,0.8403625488,0.1577606201,-0.3092257679,0.06344901025,-2.628588676
-0.3847808838,0.6634979248,0.2041015625,0.8798474073,-0.1635758877,-2.001090288
-0.3683929443,0.5667724609,0.2228851318,0.6778245568,-0.5338069201,-0.1046228185
-0.649307251,0.8815307617,0.4083862305,0.3491981924,-0.4030896723,1.176212549
-0.690612793,1.030456543,0.4319458008,-1.026678205,0.6746926904,2.448120594
-0.871307373,0.8023071289,0.3822784424,0.9305061102,-0.1562476605,1.150189757
-0.614440918,0.4676971436,0.4123077393,-1.258564949,1.068873286,-0.07463775575
-0.4224395752,0.6112365723,0.1396026611,-0.9821019173,1.078006864,0.6117408872
-0.6500549316,0.6761474609,0.3100128174,1.421414495,-0.6702073812,1.158044219
-0.7604675293,0.5413818359,0.5130462646,1.062065959,-0.05356069654,0.4305372834
-0.8986358643,1.071090698,0.3445739746,-0.7954494357,0.9903994799,-0.5197923183
-0.3453063965,1.138412476,0.2557830811,-2.06524229,1.750904799,-4.041618824
-0.02452087402,0.6373901367,0.1963806152,0.2172148675,-0.1887834966,0.1640081108
-0.4382324219,0.9368591309,0.3355865479,-0.8822120428,0.4333335757,1.014151454
-0.3635864258,0.8398132324,0.1632843018,-1.514314651,0.5331912041,2.20947504
-0.5573883057,0.8695831299,0.1794281006,-0.5668908358,-0.6112564802,2.591223478
-0.7020568848,0.6979217529,0.2305145264,-1.845747948,0.8005661964,3.211352825
-0.4838104248,0.7872619629,0.3268280029,-0.4627071917,4.841056824,-0.5797051787
-0.320526123,0.4443206787,0.2721710205,-1.221236706,1.118687153,0.2765575647
-0.4762878418,0.5771179199,0.2100982666,-0.2372128218,0.9776991606,1.791886568
-0.8571014404,0.7967681885,0.5567474365,1.255800009,0.9411046505,1.86051631
-1.011581421,1.131408691,0.5957794189,0.1314456463,1.171922445,-0.2347288877
-0.9231262207,0.9586639404,0.608215332,-2.379389763,2.450209141,-3.021154404
-0.5386199951,1.012619019,0.3231811523,-0.335098356,0.6010879874,-3.493481159
-0.3052978516,0.6021575928,0.3304901123,-0.9709935784,0.2948449552,-1.641406894
-0.3455963135,0.5640869141,0.2021942139,-0.9627891779,0.2179565579,0.2939394712
-0.4206237793,0.8284301758,0.2356872559,-0.7202492356,-0.0230355449,2.001729488
-0.8453674316,1.337692261,0.5462646484,0.07518609613,-0.8794383407,2.97327733
-0.998916626,0.746307373,0.39793396,-1.321313262,1.295155168,3.195361376
-0.7595367432,0.6355285645,0.3606719971,-1.286115527,1.928407431,-0.5825409293
-0.4093933105,0.6576538086,0.1759338379,-1.702285409,1.707280636,-0.5244792104
-0.3395080566,0.4825744629,0.1272888184,-0.2894027829,0.1674707532,0.7056330442
-0.7061004639,0.6972961426,0.5775756836,0.7136350274,-0.09599497169,1.788717747
-0.9174499512,1.083145142,0.7137908936,1.828117847,-2.967873335,-1.467638254
-0.7998809814,0.9183959961,0.5322723389,-2.194514751,-0.1354552954,-2.066839933
-0.450958252,0.7299346924,0.1666259766,-1.152253866,2.120342016,-1.752992511
-0.3909606934,0.6232910156,0.2007598877,0.3810522854,-0.7571148276,-1.080371976
-0.3939819336,0.7624664307,0.3035125732,-0.5102273226,0.7279955745,0.2503643036
-0.7144622803,1.295959473,0.5262298584,-0.2844570279,0.01991804875,1.313839912
-0.7064208984,0.6176757813,0.4105834961,0.8768740296,0.3264620006,2.423329115
-0.5631408691,0.5453643799,0.4844665527,-0.4211456478,0.2602566183,1.207697749
-0.6089477539,0.6563262939,0.2786407471,-1.345524311,0.8088486195,1.03678751
-0.6494903564,0.6078338623,0.2706604004,0.2462768853,0.490873307,0.5632862449
-0.7075195313,0.6844329834,0.4435882568,0.6070382595,0.41041255,0.1185301095
-0.8229522705,0.655670166,0.5629272461,1.212542295,-1.387696028,-0.1861328483
-0.7869415283,1.069122314,0.4644165039,-2.019246101,0.1013918668,-3.167008162
-0.5398254395,0.8017120361,0.3251647949,-0.4316403568,0.9119510651,-2.577707052
-0.3597564697,0.592010498,0.2834777832,0.152272895,-0.1564255655,-1.267014623
-0.3595275879,0.7093658447,0.24659729,0.09496885538,-0.2247931659,0.5915522575
-0.6958007813,1.215606689,0.6019897461,0.8447464108,-1.281838775,2.09804368
-0.7461090088,0.8004150391,0.5509033203,1.051693797,1.083144665,3.269124985
-0.6501159668,0.5893859863,0.4869995117,-0.06627782434,0.09987519681,1.035216808
-0.5537719727,0.6296081543,0.3242797852,-1.591575861,1.383364081,0.2429878861
-0.6234893799,0.5807495117,0.4288787842,0.5687928796,0.7462102771,0.268892169
-0.572769165,0.5668182373,0.6655883789,0.9826145768,-1.069350243,-0.77678895
-0.859161377,0.8827819824,0.5770721436,-0.4063067734,-1.138130903,0.7088922262
-0.7587738037,0.8836975098,0.2689819336,-2.060805798,1.339437962,-1.466839075
-0.5487213135,0.8556060791,0.1637420654,0.7833381891,0.8185417056,-2.816442728
-0.43019104,0.6950378418,0.2642669678,0.9019863009,0.3990134299,-1.598742485
-0.3874816895,0.6844177246,0.3184051514,0.5773272514,0.5360943079,-0.2570408583
-0.5908203125,0.9711914063,0.5980377197,0.1509615481,-0.2400924861,1.221859336
-0.7478027344,0.7576904297,0.5083770752,-1.65156281,2.219589949,4.007634163
-0.7470245361,0.6049194336,0.3576965332,-0.645303607,0.05347973481,0.8757181764
-0.5703887939,0.6508789063,0.2097167969,-0.873673439,0.8298047781,0.2423804104
-0.574432373,0.6468200684,0.2498779297,0.3813558817,-0.6891959906,0.4478009343
-0.7681427002,0.6881866455,0.4364013672,0.6176086068,-0.3339260519,0.7742272615
-1.033004761,0.9689025879,0.3875732422,0.6490618587,0.2534895241,0.2977201045
0.03723144531,-0.3668365479,-1.015441895,-0.08277930319,-0.2159195095,-0.4639636576
0.133102417,-0.4108886719,-1.022171021,0.797072649,0.0658224225,0.06552654505
-0.01383972168,-0.1728363037,-1.035079956,0.9421043992,0.8405402303,0.2858996689
-0.07933044434,-0.3501434326,-0.8376312256,-0.3498799801,-0.348244518,-0.7407883406
0.01765441895,-0.3457336426,-0.8599395752,0.10952463,-0.3202392459,0.0974522531
-0.07032775879,-0.424987793,-0.7618560791,-0.1335620582,0.2899556458,0.2368450314
-0.07281494141,-0.4351348877,-0.9882965088,0.02099849284,-0.4347373545,0.4516753256
0.02290344238,-0.4901885986,-0.7629547119,-0.2041027993,-0.266821295,0.06477287412
-0.141784668,-0.2421875,-1.119277954,-0.1276852638,0.2166047394,-0.8527870774
-0.1600646973,-0.3119659424,-0.7060546875,-0.07170587778,0.9124115109,-0.5782045126
-0.03930664063,-0.1504211426,-1.009460449,-0.9279574156,0.0003390203929,-0.5201941729
0.05926513672,-0.2678833008,-0.955291748,0.3255653083,-0.1083749458,-0.6942280531