bmi160_accelerometer.x,bmi160_accelerometer.y,bmi160_accelerometer.z,bmi160_gyroscope.x,bmi160_gyroscope.y,bmi160_gyroscope.z
0.9072875,3.1901786,11.582139,-0.48336333,0.6297039,-0.19321217
0.019163828,3.1428678,8.024853,0.31878012,0.145009,-0.018508954
-0.50364935,3.808212,8.741101,0.152599,0.10346372,0.12423636
-1.0689822,4.411274,7.552345,-0.43542647,0.4720449,0.45979437
0.055694874,4.052551,9.062096,-0.38962013,0.16631427,0.35539854
0.22457612,4.5406294,9.405847,-0.17656744,-0.07976161,0.37776908
0.019163828,4.1148334,8.393757,-0.2213085,0.40280277,0.39587855
-0.104802184,4.052551,7.654153,-0.23089586,0.0033289485,0.36392066
0.107197665,3.9519408,8.251225,-0.18508954,-0.36418697,0.3042659
0.30542353,4.2106524,8.490175,-0.007190529,-0.24594271,0.20213376
-0.04431635,4.5364375,8.151215,-0.13289163,-0.25979114,0.16165374
0.23954785,4.3016806,8.57222,-0.091346346,-0.17670059,0.30439904
0.23116368,4.555601,8.381181,-0.5067991,-0.6262418,0.24367903
1.4085414,3.6027997,8.668039,-0.20000322,-0.36205643,0.32463905
2.1158063,2.9853652,9.508852,-0.28415903,-0.11278477,0.15845795
3.2315006,0.32818055,14.9202385,0.06844318,0.500807,0.2511359
4.1777143,0.06946888,13.778792,0.06950845,0.32077748,0.123304255
2.8284614,1.1755811,11.386309,-0.59095496,0.18122795,0.070041075
2.6014898,0.75816894,11.089868,-0.26604956,-0.13422321,0.1934785
1.2420557,1.4522588,7.6942773,0.038615804,0.38669065,0.3394196
0.9779541,1.7157615,5.4736686,0.14727268,0.36858118,0.29148275
1.3043381,1.6247333,6.4719844,0.60107493,0.30466536,0.12530163
0.85279036,2.8218737,6.763035,0.6277065,0.4548675,0.19241323
1.0929371,3.5542912,10.049032,0.6841655,0.21411797,0.2424806
1.7606767,3.3339074,12.560692,-0.23728745,0.21411797,-0.15060163
0.7473893,2.4002695,12.3121605,-0.050866332,0.5826991,-0.03555317
0.64618033,0.5186211,12.474455,0.76619077,0.2982738,0.10612688
0.4395703,0.83482426,11.05154,-0.0838895,0.36964643,0.1785648
0.2090055,1.3899764,7.3984356,0.37204328,0.04154528,0.3223754
0.4635251,1.7109705,5.516787,0.13768531,-0.22370534,0.19134796
0.09881349,1.6822248,3.854924,0.2314285,-0.14594111,0.18069533
-0.04551409,3.0943594,5.292211,-0.01358211,-0.41971382,0.06138581
-0.16528802,3.132687,8.62552,0.105727404,0.274838,0.1114532
-0.05030505,4.152562,11.061122,-0.34487906,-0.513457,0.10399635
2.0056145,3.1853876,13.324849,-0.24154851,-0.29720852,0.64941126
3.6722686,2.0361567,15.970057,-0.5451486,-0.004261054,-0.12929636
2.136767,1.3756036,13.105663,-0.19827217,-0.6166544,0.026232114
3.2848,0.84919715,11.992964,-0.03954791,-0.48456174,0.12210583
1.6277276,1.3420669,6.238425,-0.86086607,0.21957745,-0.07283739
0.8593779,2.0319648,6.0857134,0.5005407,0.2355564,-0.18469006
0.528203,1.1749822,6.138414,-0.09387635,0.57537544,-0.23688798
0.2641015,2.687727,5.718007,-0.08002792,0.61159444,-0.08562055
0.61024815,2.223004,8.597372,-0.092811085,0.39215013,-0.088816345
-0.3551297,2.9129019,11.773178,-0.45819646,1.0334388,0.09014793
-1.2582251,1.9744732,12.852941,0.07017423,1.1420957,0.096539505
-1.9115919,0.1934349,12.050455,-0.15566163,0.2238385,0.32024485
-0.98454165,-0.52520865,13.220646,-0.6765755,-0.47923544,-0.25606272
-0.9408242,-0.6587566,10.632332,0.13302478,-0.26831326,0.24674167
-0.53778493,0.025751395,8.277576,0.26298693,-0.816924,0.21584903
-0.6240222,1.4714227,5.961747,-0.22703429,-0.18735322,0.2978743
-0.5659318,1.3708127,6.7594414,0.19907112,-0.5964144,0.2659164
-0.6958865,2.113411,7.9673615,0.048868965,-0.21078902,0.25313324
-1.2336714,2.9416478,8.946513,0.28003114,-0.36099118,0.15619427
-0.24134447,1.2414567,11.553393,-0.26644903,-0.29814062,0.46831647
2.2996595,0.59048545,13.162556,-0.09494161,-1.075783,0.44914174
3.8992403,0.18804507,11.992964,0.6528734,1.2880367,0.017710006
3.0488453,-0.72642887,13.91234,0.03182475,-0.5356944,-0.1484711
1.3678182,0.9402253,8.984242,0.5388902,0.39641118,-0.139949
0.90189767,1.7540891,7.216978,0.43982068,0.25153536,0.015579479
-0.025152525,1.4857956,5.655725,0.43555963,0.61159444,-0.11438267
0.5755137,1.9073998,5.4886403,0.37910065,0.37084487,-0.044075277
0.5174234,2.898529,6.271363,0.14048162,0.3261038,0.009187898
0.05150279,3.6884382,8.606955,0.001997369,0.2760364,0.15299848
0.08563836,3.8657036,11.209641,0.06484792,-0.30027115,0.13915005
-0.918666,4.717895,11.720478,0.44940805,0.58163387,0.1817606
-1.6295242,1.1887562,12.985889,0.009454214,0.06072002,0.35539854
-0.8755474,2.9751844,11.14736,0.2789659,-0.13209268,0.20839217
-0.36171725,1.1360557,11.271325,-0.3783017,-0.24394535,0.22117534
-0.21259873,2.122394,7.360108,-0.19081533,-0.34088433,0.3362238
0.08503949,1.5624509,5.9563575,-0.28349325,-0.4548675,0.13488899
0.555751,1.7540891,5.7940636,0.013715268,-0.33662328,0.20945744
-0.22637272,1.7972078,6.563012,0.25659534,-0.17776585,0.09014793
0.1006101,3.0374668,8.554254,1.0076061,0.45926175,-0.5309007
0.51802224,5.364075,9.2615185,0.31731537,-0.18309216,-0.7109302
-1.9265636,5.5557137,11.524648,0.00519316,0.0075900024,0.8198534
-0.34135568,3.4440992,14.839391,-1.3263862,-1.1972231,-0.22836587
1.4115357,1.9169817,13.239211,0.86699134,-0.704006,0.35859433
1.1282704,0.6623498,10.297564,-0.2994722,-0.24807325,0.3649859
1.065988,2.8122919,8.430288,0.14793848,-0.23955114,0.41931435
-0.12995471,1.6678519,7.5325823,-0.13542162,0.61372495,0.5961481
-0.2503275,1.2845753,6.630086,0.4302333,0.6574007,0.66965127
0.25931054,2.0846653,5.8323913,0.33649012,0.5530049,0.97218615
0.28326535,3.9567318,6.606131,-0.12796478,0.302668,0.80707026
1.4025527,5.210765,9.600479,-0.058722652,-0.16604795,0.628106
1.6474904,2.783546,11.171314,-1.1293125,-0.56232595,0.10293109
1.2438523,3.487218,13.43025,0.19374481,0.4635228,0.5482112
0.7635588,0.6671408,14.027324,-1.1942936,0.28029746,-0.28162906
-0.83123106,-0.99891454,10.937755,0.3343596,0.16418374,0.5034702
-0.7827226,0.8444062,10.751507,-0.11624688,0.5071986,1.0851041
-0.36051953,0.26529926,8.24404,-0.714925,0.8512787,0.9114661
-0.34614664,0.34614664,6.4390464,-0.34208274,0.9460872,0.9700556
-0.69169444,0.94501626,3.821986,-0.32503852,-0.8595345,0.22650166
0.3551297,1.2797844,9.638806,0.27683535,-1.7980317,0.44275016
-0.091627054,2.4673429,10.249654,0.14048162,-0.11065425,0.4033354
-0.27907324,1.0839541,11.835461,0.22357218,-0.045673173,0.6344976
0.009581914,2.3044503,12.470263,0.22463745,-0.53995544,1.0137314
3.261444,-2.536213,14.925029,-0.07576687,-0.39721015,0.7548724
1.3444623,0.48987538,9.318412,1.2142673,0.4539354,1.339702
1.6091627,0.1694801,10.407756,0.08828372,0.004394212,1.0424935
0.50424826,0.36051953,7.9050794,0.33968592,0.44967437,1.2576767
0.57611257,1.2462478,7.1217575,0.47284386,0.39747646,1.3599421
0.7923045,1.0456264,6.5390577,0.5442165,0.39428067,1.4345105
0.63420296,0.7773328,6.901973,0.94901663,0.31971222,1.5879084
-0.20661002,2.012801,9.051315,0.69122285,0.70959866,1.8989654
0.07186436,3.7411387,11.439009,-0.029960537,0.8864324,1.4813821
0.37968335,2.0655015,12.537335,-1.3892368,3.4174986,1.1191925
-2.531422,-0.376689,14.132725,0.17137428,1.1804452,1.7892432
-3.386009,-0.43897143,10.440693,0.16285217,0.6840323,2.2473066
-1.7726542,0.7437961,8.697983,-0.5189165,0.78310186,2.107757
-0.7689486,1.6055695,6.338436,-0.27284062,0.1332911,1.767938
-0.7162481,1.1318636,5.727589,0.0914795,-0.028628957,1.4089441
-1.1773777,2.35236,8.076955,0.17989638,-0.03182475,1.2321104
-2.508066,1.9744732,10.741325,0.16391742,-0.150069,1.2459588
-1.9265636,3.7603025,12.818805,0.14793848,-0.2928143,1.3897694
-1.2061235,1.8451173,13.807538,-0.5721797,-1.0598041,0.84009343
1.0995246,-0.3671071,11.816297,0.21291955,-0.1969406,0.59827864
0.24433881,1.4905865,7.331961,0.27790064,0.1886848,0.943424
0.27308455,2.6541903,6.228843,0.28322694,-0.30346695,0.7729818
0.056892615,2.0271738,6.290527,-0.2557964,-0.08402266,0.32876694
0.98873377,2.141558,7.32717,-0.05233107,-0.43662488,0.37350804
1.4642363,2.0750833,9.562152,0.81159765,-0.63156813,0.25206798
1.3294905,3.4201446,11.094659,1.9120148,-0.918124,0.22756693
1.5648464,3.1087322,13.306285,1.0832398,-0.7050713,0.5194491
1.492982,4.2435904,13.315268,0.22676797,-0.17137428,1.0116009
1.0318524,2.4673429,9.642999,-0.3495396,0.94289136,1.2299799
0.12875697,3.707602,5.249691,-0.28881958,1.005742,1.6358453
1.2432534,2.0367556,4.5717707,0.21291955,-0.24487746,1.3333105
2.7230601,1.6870158,6.840289,0.98310506,-0.4281028,1.4611421
3.1506531,4.5118837,10.058615,0.41531962,0.10559425,1.2800473
4.231014,4.7370586,12.618782,1.152482,-0.12556794,1.1596725
2.7757607,4.8185053,8.626119,0.8424903,0.0981374,0.93916297
4.000449,1.4810046,7.136131,-0.18975006,-0.31731537,0.64728075
4.0681214,0.15031628,6.706142,0.19374481,0.7106639,-0.06325002
2.5835235,5.972527,11.319834,-0.22170797,1.4701968,-0.3679154
5.5617023,3.9854774,19.003332,9.321056E-4,-2.078196,-0.7535408
2.3002582,6.623498,12.585245,0.89894927,-1.1929619,0.08162582
-0.2503275,4.952652,5.411985,0.77431345,-1.0502167,0.35326803
-0.85997677,4.813714,4.9682226,-1.5149379,-0.30879328,0.46831647
-1.1432421,2.0175917,4.175319,-1.8696706,0.9972198,0.26378587
-1.7630723,0.28865516,3.7692854,2.3317287,2.945587,0.64941126
-4.1980762,7.0636673,11.4965,3.1274805,2.3746057,0.9370324
11.238986,7.700865,34.614666,3.4172323,0.42304277,0.8677903
3.486619,-0.2425422,12.055245,3.5184324,4.2995367,0.97112083
-0.15390949,-0.4341805,-0.41381893,3.04439,1.1463567,2.810831
1.9403377,-1.5786203,1.1240783,3.0614343,0.18335849,3.8132439
0.07186436,2.1325748,-1.7127671,1.5935011,1.0813756,1.4952306
2.1894674,0.17906202,1.9834563,-1.5724621,1.0760493,0.46085963
5.278437,4.578957,3.69802,-2.833734,1.0323735,-0.57670707
12.377438,12.981697,14.304001,-1.802559,-5.037498,0.33515853
18.476925,11.186286,21.391024,0.23635535,-4.240681,-0.049401596
1.5894,9.438785,4.165737,-1.0930935,0.5828323,-0.5703155
-1.8307445,5.608414,-0.73840624,-1.4254558,-1.0065409,-0.5980123
-1.5612532,3.7171838,1.2336714,0.5175849,-2.7056363,-0.948484
-1.2157054,3.1614327,1.7157615,-0.87684506,-0.60706705,-1.069924
1.9589026,4.9861884,3.931579,-1.4584789,1.2230557,-1.5311831
14.183029,23.601452,27.068907,-1.3796494,3.1980543,-3.5892723
8.880638,19.196766,24.605158,5.571195,3.2225554,-3.248388
6.0611596,0.5425759,5.082607,5.2697253,3.1820753,-2.1138823
0.7342142,-4.5609913,-3.3698394,2.4552994,1.9634138,0.27550378
-0.7929034,-5.623985,-5.838979,1.3197284,1.0430261,1.8435717
0.9551971,-4.4897256,-3.7046075,0.013715268,-0.76685655,2.7554374
2.5116591,-4.202268,-0.58090353,-1.8526264,-0.66459125,2.7873952
7.45413,0.5713216,2.6326308,-4.975979,0.9450219,2.9269447
19.0728,14.102182,11.845042,-5.30408,-1.4038842,1.7828517
26.080772,17.061197,26.782648,-3.5623744,-2.9463859,0.648346
6.354007,10.061009,10.961111,-2.5887234,2.0177422,-0.73969233
-1.7055807,4.39211,2.394281,-2.1498349,-0.5175849,-1.0624672
-2.1331737,1.4043493,3.6501105,-0.36232275,-0.19267954,-1.0028125
-2.6517947,0.8156604,1.1570162,0.41958067,0.38043225,-0.7471492
-1.9505184,1.1935471,0.6509713,0.9351682,0.11731215,-0.21877849
1.061197,3.00393,5.727589,-0.72770816,0.85021347,0.1114532
9.937044,10.549687,28.578058,-3.0212204,2.8795404,-0.090946876
9.562751,6.518097,25.545982,3.4886048,2.8177552,0.2424806
2.6703596,1.763671,4.098664,2.2315938,3.3716922,0.4384891
1.7289367,1.1654003,0.16409028,2.4190803,1.7322516,1.1373019
1.0995246,0.73900515,-0.59048545,0.602806,1.4595442,0.74741554
1.3013437,-0.73541194,-0.7054684,-0.322908,0.90241134,0.9114661
2.751806,0.83482426,1.6205412,-0.88749766,-0.29387957,0.8347671
6.9211364,3.9471498,9.600479,-1.4861758,-0.5772397,0.46512067
7.161283,7.2696786,17.48939,-3.960783,-1.1460904,-0.6193176
7.300221,3.3770258,19.19437,-1.8132117,-1.5018884,-0.62038285
0.22996594,4.1142344,5.598233,-0.57644075,-0.48669228,-0.64062285
-0.97555864,3.482427,3.3015683,-1.1506177,-1.1641998,-0.53835756
-1.0078976,3.6261556,4.8490477,-1.0579399,-1.1695262,-0.61399126
-0.8593779,3.707602,7.4948535,-0.34847432,-0.99162716,-0.6075997
0.25511846,3.4201446,12.876895,0.12024162,-0.13409005,-0.80999976
4.0399747,4.89516,18.793726,1.2249199,0.3111901,-0.3732417
3.862709,3.8225849,16.993525,0.29494485,1.5319821,-0.24327956
1.8163716,4.0429688,10.517947,0.7466166,1.7301211,0.57377756
1.3408691,4.143579,7.552345,0.82331556,0.5902892,1.0542114
1.4660329,2.1996481,5.5844593,0.44621226,0.6105292,1.0637988
1.8792529,1.3803945,3.6836472,0.5996102,0.31971222,1.0435588
2.4362016,1.6343153,4.495714,1.5721958,-0.10213214,1.2715251
2.7967212,3.79863,5.966538,1.4507557,-0.20333217,1.0307757
5.2748437,4.004641,10.761088,0.31198907,-0.48136595,0.979643
5.332934,5.062844,11.406071,-0.9716535,0.22490376,0.4033354
5.539544,4.4304376,12.552307,-1.4318473,-0.08934898,0.08482161
3.4979975,4.94307,9.51005,-0.5455481,0.36232275,-0.25606272
2.2733092,5.1969905,7.3421416,-0.61585546,-0.526107,-0.18042901
1.134858,3.9519408,5.2215443,-0.9279777,0.11837741,-0.35513222
0.3808811,3.0422578,3.2973762,-0.617986,0.322908,-0.41904804
0.39525396,3.3434892,4.543624,0.2693785,-0.15539531,-0.18788585
1.4893888,4.7945504,7.6236105,0.6581997,-0.59854496,-0.06325002
4.3519855,4.708313,16.324587,0.41958067,-0.70081025,1.141563
4.4915223,4.49272,15.856272,-0.13755216,0.9514135,0.89868295
3.362653,1.3037392,11.243178,0.5878923,1.1857715,1.1852388
3.0889695,3.3770258,7.174458,1.071522,0.04913528,2.0470371
3.914811,2.4050605,6.773216,0.34501222,-1.0864357,1.9415759
3.914811,1.8067896,5.646143,1.1375682,-0.4270375,1.7093484
4.097466,2.118202,7.3750796,0.1735048,1.5927022,1.7604811
4.0345845,3.908822,8.335068,-1.2464914,3.1533132,2.1226707
2.636823,3.1572406,9.476513,0.25126904,1.3104073,0.8443545
2.4691396,1.6103605,13.373358,0.31305432,0.41239014,0.48855647
3.3913987,0.7102594,13.482951,-0.39428067,0.24301325,0.2020006
2.8865516,0.3653105,10.483811,0.43875542,0.5327649,0.4033354
1.7247446,2.5104616,5.7707076,0.80520606,-0.5942839,0.10186583
1.4696261,2.457761,5.2071714,0.8392945,-0.2757701,0.06990792
1.3881798,3.2668338,5.0730247,0.28003114,0.93436927,-0.06218476
2.012801,3.1572406,6.821125,0.62517655,0.38895434,-0.16977638
1.4217166,4.166935,11.677958,1.0001493,0.081093185,-0.21238692
0.43238387,4.69394,13.91773,-0.28881958,0.20892482,0.28296062
0.3707003,3.2955797,13.230228,0.00519316,0.3378217,0.68456495
0.7503837,4.636449,9.137553,-0.8970851,0.62544286,1.0851041
1.2258861,1.4905865,6.4630013,-0.79375446,0.13861741,0.8550071
1.235468,0.978553,4.7202907,0.5186502,0.22703429,1.355681
1.8307445,1.993637,6.4013176,1.1396989,0.29521117,1.7125443
2.5799303,4.157952,11.506083,0.3428817,0.15459637,0.89229137
2.7769585,3.5063818,13.005651,0.57404387,0.029960537,0.049667913
2.8398397,4.1866975,11.601901,-0.43902174,-0.3343596,-0.23795325
2.388292,2.577535,11.940862,0.04460791,-0.1735048,-0.26458484
3.339297,2.8602014,10.23588,-0.4166512,-0.66459125,-0.051532123
1.1636037,1.8307445,5.9809113,0.20652796,0.6904239,-0.006791055
-0.037129916,3.013512,3.578845,0.12876374,0.63822603,0.05499423
-0.32099414,2.90332,4.8538384,0.72744185,0.3079943,-0.13142689
0.85099375,3.367444,8.402141,0.45579964,-0.501606,-0.009986846
1.446869,4.038178,12.748137,0.10213214,0.11518162,0.21478376
1.6103605,3.3961897,14.328555,0.34394696,0.2355564,0.3479417
1.1444398,2.3050492,12.2989855,0.38868803,0.7788408,0.94235873
0.67372835,3.587828,8.789011,-0.8747145,0.32397327,1.4696642
2.2493544,2.0607104,7.5283904,-0.9769798,-0.4739091,1.4345105
2.2781,1.5720328,4.763409,0.19481006,-0.050999492,1.420662
2.1625183,2.4338062,5.3461094,0.43449435,-0.028628957,1.4440979
2.393083,2.817083,6.200696,0.33009854,-0.23422481,1.2928305
5.2796345,1.4043493,10.250253,0.58469653,-1.1258504,0.8283756
5.438335,1.4139313,13.139799,-0.460327,-0.38016593,0.25845957
6.6821876,0.90189767,15.765842,-1.838778,-0.19907112,0.15086795
5.3233523,1.1270727,11.826478,-0.15459637,0.44115224,-0.061119493
5.0975785,1.5480781,11.286896,-0.45926175,-0.8126629,-0.42863542
3.229105,1.7924168,7.3517237,-0.0661795,-0.24594271,-0.30293432
0.96178466,2.218812,4.978403,-0.04061317,-0.23529008,-0.112252146
0.84201074,2.2619307,5.002358,-0.6211818,-0.23422481,0.18282585
1.2067223,1.7253435,4.3477936,0.08402266,-0.485627,0.33409327
0.75517464,2.1709025,3.79863,1.3474252,-0.4973449,0.10293109
3.1859865,1.309129,7.3708873,1.0289114,0.66059655,0.26698166
9.132163,4.8424597,17.977468,0.10000161,0.25792694,0.7463502
11.519258,9.6112585,28.727177,1.9301244,0.7522092,0.26165536
8.051204,1.1606094,22.82412,3.4704955,1.5362432,0.22543639
0.9569937,-0.61563796,5.866527,3.0284111,2.4481087,1.1511503
-1.0025078,-1.6930045,-2.7631845,2.7482467,0.06511423,1.5719295
-0.868361,-2.0379534,-1.5402927,2.6853962,-1.5061494,1.8169401
-0.013175132,-2.406857,0.22158177,1.5359769,-0.3343596,1.8723338
1.024067,-2.6218512,0.86656433,-0.27284062,1.1378345,1.7168053
6.7684245,-1.1138976,4.400494,-3.0947237,4.708598,1.0179925
14.496838,7.9404125,18.42123,-4.9408255,-1.7735306,-0.730105
18.257738,5.704233,32.22697,-1.9208033,-0.2288985,-1.1551452
2.301456,6.2258487,7.432571,-0.46565333,0.5540702,-1.4406358
-1.0078976,4.119624,3.0392635,1.310141,-2.7482467,-1.0784461
-1.3342816,5.6036234,5.785081,0.1383511,-1.9450381,-1.065663
-2.1559308,2.7260547,2.2942696,-1.0185251,1.4584789,-1.8369138
-1.7618744,0.19822586,2.4565632,0.1852227,1.3945631,-0.94102716
0.020361567,0.17906202,9.190253,0.69122285,3.3120375,0.21052271
3.2764158,17.046824,32.298836,0.9863009,-1.0885662,0.7282408
13.752442,6.092301,33.058205,3.193527,3.8180377,0.6930871
1.883445,-1.396564,4.4909234,3.3629038,2.2180119,1.2150662
0.37549126,-2.6553879,-6.7887864,4.072369,-3.28727,2.7330668
-0.28745744,-4.0585394,-4.2196355,6.0260625,-6.111284,1.8893781
0.09701688,-5.5377474,0.9761575,2.0132148,-2.4829962,3.5927343
2.5709474,-1.1186885,-2.0415466,-1.5373085,1.010003,3.922966
7.230153,-2.4781225,-1.975072,-0.53383017,0.08215845,3.0995173
31.659243,5.5940413,3.3878055,-5.8995624,3.8787577,2.9152267
36.918518,7.8110566,18.077478,-4.954674,-0.44088593,0.09547424
13.460194,6.221058,10.274207,-2.2041633,-0.29387957,-2.245975
-0.15690385,4.1866975,6.1102667,-1.5053505,-1.2323767,-2.3333266
-4.575963,2.1229928,8.039226,-3.3684964,0.6275734,-0.6832334
-2.4379983,2.4625518,4.0184155,-2.893389,4.203663,0.36285537
-1.7271401,1.65827,-0.31799978,-0.39854172,3.334408,-0.8174566
-0.3826777,-1.635513,1.3348805,0.9191893,1.6385084,0.668586
6.6588316,6.8726277,25.665756,1.9152106,0.37617117,0.059255283
20.285511,10.583224,36.697533,3.865708,3.8670397,0.18921743
9.613055,0.61444026,11.606692,7.0646944,1.7429043,-0.14314479
0.2658981,-3.8477373,-3.5123703,5.348555,-1.5839137,1.1564767
1.1402478,-6.284538,-1.2486432,2.6630256,-1.6606127,1.7136096
-0.108395405,-4.80533,-3.0254893,0.8424903,0.40386802,2.4816647
0.94321966,-3.335105,-3.1255007,0.12556794,0.5071986,3.194326
3.3788226,-1.5588577,-1.640304,-1.5905716,0.1769669,3.1676943
9.593891,0.5569488,-0.1934349,-3.5229597,2.2574265,1.9106833
30.760939,5.943781,13.832092,-5.655617,-1.0044104,1.3855084
28.177416,2.7260547,27.050941,-3.1224205,1.0408956,-1.1657977
7.3990345,4.14837,7.996706,-1.5149379,0.14820479,-1.5077474
-2.2313883,4.1148334,4.811319,-0.72451234,-1.8097496,-1.4949642
-3.4704494,2.9560206,5.283827,-1.62466,-0.47177857,-0.81852186
-2.370925,2.2571397,3.1063368,-0.58070177,0.55620074,-0.5490102
0.7270277,3.367444,3.8752854,0.760465,0.5082639,-0.552206
4.3154545,3.128495,10.91919,1.8875138,2.9818058,-0.22517008
17.293558,12.460082,29.963844,0.015845794,3.8009934,0.66752076
20.050156,1.2612195,30.6753,3.8358808,4.7352295,-0.12610057
5.3095784,-1.9277613,4.801737,5.3869047,2.6483784,0.4416849
1.5103493,-0.42459857,-4.792155,3.900862,-1.4411684,1.4803169
1.3516488,-2.5020773,-1.1869596,3.073152,-2.3647518,1.1436936
0.3000337,-3.2973762,-0.18385299,1.7032232,-0.6400902,0.98070824
0.59288096,-3.545907,-0.41322005,0.2992059,0.5444828,1.9181402
1.3660216,-2.5068684,-1.1869596,-0.5263733,2.0560918,1.7210664
23.182243,2.2763035,3.5650709,-6.9829354,-2.3189456,2.9397278
31.280159,5.5796685,22.017443,-5.4031496,0.14394373,2.1056266
9.632818,4.263353,10.498783,-3.638008,1.6257253,-1.049684
0.23715238,3.0614216,2.9727888,-1.9069549,0.45819646,-1.2329093
-0.6563611,2.324213,4.9736123,-1.3434305,-0.7817703,-0.5948165
-0.09941236,3.6309466,8.583598,-0.8896282,-0.5303681,-0.5809681
1.8990157,2.8218737,12.820003,-0.24514377,1.1868367,-0.47657228
6.4761763,3.0710034,14.79208,9.321056E-4,1.4701968,-0.33169642
6.946888,2.7452185,13.215855,0.5815007,1.935717,0.037950013
7.129543,1.0456264,11.764195,1.48804,1.1005504,0.32876694
6.2360296,3.5399184,10.370027,2.1421118,-0.34181643,0.5908218
4.804731,1.5049593,7.8673506,1.9279938,0.18335849,1.1074746
4.602912,1.9313545,5.73777,1.0235851,1.58418,0.46618596
4.626867,-0.060485832,5.9809113,0.4099933,2.7783403,0.567386
3.8297713,1.3762025,3.7794662,0.40253645,3.1213553,1.0829735
2.8548117,2.7787552,7.3613057,-0.1300953,2.109355,0.8858998
1.8313433,3.6309466,10.078377,-1.9559569,2.2499697,0.37563854
1.331886,0.8204514,12.083991,-3.2715573,2.0390475,-0.6640586
1.0629936,-3.545907,13.464386,-2.1455739,1.2518178,-0.97191983
-0.23894899,-1.9181794,11.979189,-1.3711274,0.08215845,-0.50959545
0.03473444,-1.9996257,9.6441965,-0.49121964,0.27284062,-0.9303745
-1.2947562,-0.63959277,6.821724,-0.40599856,0.12796478,-0.44994068
-1.2797844,0.35153648,5.341318,0.8062713,-0.91599345,-0.38922065
-0.8426096,0.020960437,8.311711,1.1759177,-1.1056104,0.029427905
-0.031141222,-0.20421454,8.378785,0.69228816,0.74049133,0.5769734
0.15151402,-2.559569,9.228581,0.94582087,-0.16391742,0.45553333
-1.2558296,0.2605083,11.564173,2.1730044,-0.71252817,0.4246407
-1.0875473,1.2324737,15.207696,0.5793702,0.51359016,0.7570029
-0.29045177,-0.041322004,12.934386,-0.0054594753,0.7767103,1.0893651
-0.7947,-0.108395405,12.7152,0.05632581,0.2994722,0.6664555
-0.8186548,-0.22816934,9.142942,-0.27497116,0.91199875,1.2704599
-0.67911816,0.8108695,5.4515104,0.2725743,0.051265806,1.3365062
0.34375116,1.1558183,5.9910917,0.69761443,-0.9064061,1.1958915
-0.122169405,3.0805855,6.315679,0.73170286,-0.75833446,0.9508808
-0.55934423,2.7500093,7.891904,0.521846,-0.4483428,0.450207
-0.376689,2.424823,9.257327,0.41958067,-0.170309,0.6526071
-0.04970618,3.6405284,11.454579,0.68909234,-0.24807325,0.6568681
1.7996032,2.9847662,12.901448,-0.27284062,-0.49201858,0.65899867
4.4172626,0.0017966089,13.503312,-0.45606595,-0.25659534,0.2659164
2.1930606,2.2667215,9.31961,0.49095333,-0.12769847,0.28509116
2.466744,2.8793652,9.902309,0.1031974,-0.9436903,-0.13462268
1.1312647,2.9368567,7.7625484,-0.08961529,-0.6901576,-0.62677443
0.8048808,2.012801,7.1133738,-0.06724476,0.13435636,-0.8057387
0.5934798,2.8314557,6.922334,0.04460791,0.033156328,-0.077098444
1.6642587,2.9272747,8.163791,0.24274692,0.32397327,0.11464899
1.640304,2.429614,9.009395,0.25126904,0.7522092,0.46618596
0.82404464,3.6836472,8.865666,0.68483126,0.55833125,0.8858998
0.2425422,4.330426,11.535427,0.6677871,0.16098794,0.7442197
0.82404464,2.9656024,12.261257,-1.1687273,0.2589922,1.1522157
0.4874799,1.9121908,12.213347,-0.3644533,0.521047,1.2864388
0.08444062,1.9361455,11.277314,-0.19081533,0.18335849,1.112801
0.77134407,1.7013886,9.453157,0.075500555,0.5732449,1.2395673
0.6749261,2.352959,7.323577,0.063782655,0.28881958,1.0339714
0.8144627,1.9601003,6.5258822,0.29494485,0.30692905,0.6163881
0.86716324,2.6014898,7.2469215,0.2960101,0.07363634,0.62917125
1.31392,3.4776359,7.0942097,0.33222905,0.0033289485,0.5322323
2.375117,4.167534,8.364412,0.2725743,-0.29494485,0.3969438
2.797919,3.7842572,8.5219145,-0.2675143,-0.29494485,-0.03555317
2.9464386,2.429614,8.417112,-0.4304996,-0.25872588,-0.17616795
2.278699,2.4433882,7.309204,-0.46458805,-0.027563693,-0.2241048
4.075308,0.46651945,10.637721,-1.4009547,-0.7998797,-0.5894902
4.7574205,-1.061197,14.109368,-0.9503482,-0.5974797,-0.97191983
6.183928,-1.2719991,14.639368,-0.79375446,-1.156743,-1.2467577
4.795748,-0.36231613,12.380432,-0.16631427,-0.063782655,-1.6504927
3.1674216,0.5665307,8.412322,-0.6286386,0.34421328,-1.5844463
2.3990717,0.6288131,7.4571247,-0.49335018,-0.058456335,-1.7538233
2.6008909,0.5186211,7.657746,-0.17377111,-0.104262665,-1.7154738
2.1924617,0.8539881,7.43317,-0.35167012,-0.1031974,-1.5674021
1.740914,1.4576486,7.0175543,-0.3580617,-0.15965638,-1.2712588
1.9283602,1.208519,7.829622,-0.2004027,-0.4888228,-1.0038778
2.278699,1.7157615,8.087135,-0.22809955,-0.404667,-0.6097302
2.787738,1.8163716,8.927949,-0.30692905,-0.25446483,-0.5277049
3.8303702,1.5337051,10.389191,-0.17270584,-0.0030626326,-0.5639239
2.485309,1.4857956,10.991055,0.06697845,0.9215861,-0.58735967
4.175918,0.39465508,14.037504,-0.47524068,-0.21505007,-0.8685892
3.215331,0.32279074,12.738556,0.037151065,0.42730382,-0.7056039
2.5284276,0.42819178,10.202942,0.19800586,0.28668904,-0.592686
2.2020435,0.87315196,8.40274,0.6262418,0.025699483,-0.46911544
1.3666205,1.3857844,6.6594305,0.38868803,0.21425113,-0.48615965
0.9725643,1.5001684,6.220459,-0.029960537,0.025699483,-0.455267
0.1658869,2.0655015,6.3013062,-0.41452068,0.07363634,-0.42224383
-0.108395405,1.9648913,7.437961,-0.8214513,-0.20759323,-0.35619748
-0.8623723,2.439196,7.5906725,-0.8949545,0.041678436,-0.17723322
0.42998838,1.0408354,10.890445,-1.325321,-0.10958899,0.25206798
2.4906988,0.643186,12.900849,-0.6861629,-0.105327934,0.74102396
4.0178165,-0.36231613,14.949583,-0.90560716,-0.31305432,0.27656904
6.1360183,-3.4596698,13.990193,0.1351553,0.32184273,0.37350804
5.5694876,-0.055694874,10.384399,1.6510253,-0.67204815,-0.29654273
3.8255792,0.35153648,8.875248,0.3545996,-0.001997369,-1.0645977
2.8506196,1.1845641,6.812142,-0.145009,0.3612575,-0.9953556
2.1062245,0.8156604,6.8504696,0.14580795,-0.12024162,-1.2222568
1.5876034,0.95938915,7.0031815,0.0595216,0.033156328,-1.0976208
1.2995471,0.93543434,6.8792157,-0.13968268,0.20359848,-0.908004
1.4576486,1.7349254,7.5858817,-0.0139815835,0.059787914,-0.74501866
1.9044055,1.2995471,9.9214735,-0.3580617,-0.030759484,-0.7791071
2.053524,1.7349254,10.819179,0.033955276,0.0864195,-0.2858901
2.2319872,2.228394,13.202081,-0.6595313,0.24833956,-0.2741722
2.7170715,0.17427106,11.979788,0.35353434,0.25153536,-0.32210904
1.4875922,1.543886,9.778343,0.5197154,-0.1884185,-0.5980123
1.9630947,0.35632744,10.780851,-0.47524068,-0.11385004,-0.8142608
1.5307108,0.5910843,8.001497,0.1351553,0.17483638,-0.5415533
1.0839541,1.2612195,6.330052,0.28322694,-0.11171951,-0.58309865
1.1701913,1.2612195,5.976719,-0.11518162,0.14713952,-0.6768418
1.8714676,0.40902796,7.381068,-0.5508744,1.4968284,-0.9335703
3.3225288,-1.5013661,11.416252,-1.0898978,0.53809124,-1.3341094
3.1159186,-0.43358162,12.247483,1.3442295,1.2187946,-1.1775156
5.0370927,-3.555489,19.023693,-1.3594095,-1.5402379,-2.99379
2.2128234,-0.041322004,11.679155,1.112002,-0.043542646,-2.1841898
2.8566082,0.89231575,8.808773,0.7657913,-1.0736525,-2.966093
2.236778,0.753378,6.9846168,0.45260385,-0.84675133,-3.276085
2.2565408,-0.08444062,6.316278,0.11278477,-0.9820398,-3.536009
2.535015,-0.36171725,7.8110566,0.021172112,-0.83609873,-3.4880722
2.3667328,0.25092638,8.780027,-0.43902174,-0.5388902,-2.6901898
2.6841338,0.6677396,10.1460495,-0.4102596,-0.4270375,-2.1373181
2.1936595,1.1079088,10.958117,-1.3444958,0.23662166,-1.8294569
-0.67911816,1.7828349,10.446682,-1.1527483,0.29840696,-2.0222697
0.7905079,-1.7121683,12.366658,-0.25792694,-0.0914795,-2.8648932
-0.2563162,-0.18984167,8.827937,0.20972376,-0.2842922,-1.9892465
-0.11737845,0.404237,9.147734,-0.33356065,-0.6347639,-1.4065473
-0.49646294,0.8396152,7.161283,-0.37297538,-0.6752439,-1.1657977
-0.11198862,1.1174908,7.304413,0.3716438,-0.87870926,-0.8994819
0.6419883,1.5486768,8.699181,-0.08215845,-0.821185,-0.16445005
0.85818017,1.2181008,11.138975,-0.6850976,0.55620074,0.28509116
0.987536,0.7629599,11.736049,-0.51359016,0.8491482,0.8145271
2.7601902,-1.7840327,15.155594,-0.8352998,-0.033955276,0.18069533
2.1116142,-1.7936145,12.662499,-0.13222584,-0.07017423,-0.3849596
2.7841449,-2.7368343,11.16293,0.63582915,-0.033955276,-0.19747323
2.0104053,0.8396152,7.643373,1.7223979,-0.59002286,-0.4403533
1.2228918,1.3953662,6.9654527,0.9266461,-0.78283554,-1.0166609
0.7042707,1.6343153,6.091702,0.41958067,-0.17883112,-1.029444
0.46412396,1.773253,6.3108883,0.46858278,-0.15113427,-1.1434273
1.3145188,2.1229928,8.3171015,0.1181111,0.07044055,-0.7471492
1.4678295,3.0614216,10.422728,-0.17590164,1.014264,-0.15060163
-0.0886327,4.253771,10.957518,-0.26431853,1.1463567,-0.19001637
-1.1983382,2.7068908,12.963132,0.035020538,0.65846604,0.12956268
-0.891118,0.36111838,13.216454,0.66246074,0.3079943,0.45979437
-1.3522476,1.1414455,10.647304,0.8882966,0.37084487,0.66752076
-1.0498185,1.9601003,7.7385936,-0.12796478,-0.09041424,0.74102396
-0.84320843,1.203728,6.7929783,-0.08855003,-0.7839008,0.5546028
-0.5066437,0.87794286,8.40274,-0.102398455,-0.22037639,0.8123966
-1.1648015,0.98334396,8.163791,0.009454214,0.14074795,0.862464
-1.2468466,2.003219,7.781712,0.5559344,-0.14154689,0.92531455
-0.65576226,3.0566306,9.591496,0.28535748,0.016112112,0.56525546
0.89051914,2.5008795,11.582738,0.2555301,-0.22996376,0.36072487
1.5630498,2.678145,12.924805,9.321056E-4,-0.23848587,0.30639642
2.4517722,1.7876259,13.53146,0.1266332,-0.07976161,0.21265323
1.3899764,1.5816147,11.50189,0.24700798,0.81612504,0.25632903
0.9863383,2.0798743,10.4035635,0.327968,-0.13302478,0.40546593
0.42459857,2.7452185,7.5044355,0.11704583,0.41452068,0.58016914
0.04970618,2.582326,5.871318,-0.05233107,0.40386802,0.47577333
0.15570611,2.6973088,6.21986,0.3577954,0.35593116,0.48429543
-0.11318636,2.214021,6.033612,0.11171951,0.65207446,0.57803863
-0.03593218,2.443987,7.3756785,0.3748396,0.10133319,0.6984134
-0.5545533,2.1613204,9.210016,0.20120165,-0.016911058,0.61212707
-0.5737171,2.8314557,9.415428,-0.4720449,-0.21611534,0.72930604
-0.5737171,0.6623498,10.064603,-1.5362432,-0.89575344,1.2885695
2.370925,0.24613541,9.863982,-0.6478134,-2.312554,1.4856431
6.2132726,-1.061197,14.878317,-1.2219905,-2.1240022,1.9841865
5.8916793,-0.16109593,11.855224,-0.5721797,-0.34075117,1.9745991
3.8597147,0.5719205,8.736909,0.66565657,-0.0030626326,1.4707295
3.1680205,0.643186,6.540255,1.0768483,0.27177536,1.4962958
3.2692294,0.97376204,7.409215,0.8158587,0.111985825,0.90294397
3.609986,0.5048471,9.314818,0.7615303,0.05552686,0.6366281
4.0184155,0.48568326,10.881461,0.54315126,0.123703726,0.40227014
5.953962,-0.7593667,14.133324,-0.8310387,-0.073370025,0.6046702
5.3341317,-2.2679193,12.47146,0.26724797,1.1964241,0.3394196
5.0556574,-0.3096156,10.542501,1.1556778,0.322908,0.88270396
2.563162,1.0983269,7.8008757,0.8020103,0.63822603,0.4821649
2.3900888,0.9881349,6.6833854,0.4004059,0.21957745,0.60040915
2.3948796,1.3714114,7.027735,0.5655218,0.9929588,0.40546593
1.9966314,0.8444062,6.8510685,0.2810964,1.0419608,0.30000484
2.025377,0.90189767,7.853576,0.8914924,0.59561545,0.17963006
1.6271288,1.208519,8.5746155,0.9234503,0.7202513,0.118910044
1.0025078,1.883445,9.243553,0.53356385,0.81399447,0.20626165
-0.28925404,2.554179,10.608975,-0.009720529,0.91199875,0.11251846
-1.4133323,1.3714114,11.015009,-0.5508744,0.85873556,0.70906603
-1.5959876,1.6391062,11.640828,-0.5125249,-0.13302478,1.0307757
0.32039526,0.3036269,12.724782,-0.3079943,-0.546347,1.0265145
0.07066662,1.5247221,8.55126,-0.016112112,0.15885742,1.2832431
0.37848562,1.3905753,6.607329,0.106393196,0.16418374,1.1660641
-0.020361567,1.9217727,6.688775,0.75833446,-0.29494485,0.8944219
-0.2605083,1.5486768,7.5768986,0.67204815,-0.17670059,0.7772429
-0.6587566,1.9361455,9.143541,0.76792186,-0.20972376,0.745285
0.7437961,2.1373658,12.342703,0.39401436,-0.86912185,0.52264494
1.0941348,1.8211626,13.851854,-0.43795645,-0.27044377,0.34581116
1.7379197,0.2030168,13.369764,-0.44328278,0.17483638,0.33302802
0.58509564,0.98334396,8.565633,0.5122586,0.30160272,1.1958915
1.7906202,2.0511284,9.625631,0.699745,-0.57617444,1.2448936
1.0558071,1.6540779,8.283565,0.21185428,0.5721797,1.2129357
0.4737059,1.7588801,6.6025376,-0.009720529,0.71599025,1.2001525
0.62282443,1.773253,7.309204,0.3290333,0.42304277,1.0797777
0.2958416,2.45836,8.354831,-0.1332911,0.51145965,0.87844294
0.75697124,1.6918067,9.787926,0.1585911,0.2206427,0.6813692
1.4342928,2.0990381,11.158139,0.39934066,0.20679428,0.7356976
1.0162817,1.7492982,12.222929,0.6581997,0.6446176,0.41931435
0.40124264,1.1654003,12.270839,-0.14074795,0.36232275,0.64088917
-0.34794325,1.1366546,11.941461,-0.11944267,0.6765755,0.87631243
-0.12696037,0.58090353,10.804806,-0.02463422,0.6478134,1.1447588
-0.42459857,0.73900515,9.314818,-0.123703726,0.7948198,1.6603464
-0.39106187,0.24613541,6.912752,0.10745846,0.7468829,1.4472936
-0.079050794,-0.0077853054,6.588165,0.3812312,-0.023302639,1.3152009
-0.698282,1.6055695,6.941498,0.082957394,0.18761954,1.4632726
-0.86177343,1.4720216,8.168582,-0.020373166,0.35593116,1.2161314
-1.1839653,1.6055695,9.701688,-0.43263015,0.23129535,1.6805863
-0.9390276,1.9792641,12.413969,-0.9567398,0.5945502,0.9263798
0.5503612,-1.6498859,15.159786,-1.6342474,0.5274386,0.31385326
1.52053,-3.0195007,14.968746,-0.44221753,0.755405,0.7037397
2.3331962,-0.0125762625,12.04207,0.7839008,-0.19267954,0.43529332
1.7091739,0.62462103,10.165214,0.67098284,0.14607427,-0.40519962
0.41681325,0.8875248,6.922933,0.12876374,0.3814975,-0.34554484
-0.5389827,1.4384849,5.595239,0.049934227,-0.085087925,-0.19214691
-0.39465508,1.0791631,6.698357,0.2491385,-0.35673013,-0.29334694
-0.16409028,0.8539881,6.578583,0.84035975,0.07257108,-0.16125427
-0.22158177,1.3618295,8.412921,0.25339955,-0.38762277,0.067777395
-1.033649,2.2379758,9.864581,-0.02463422,-0.18415743,0.3042659
-0.24074559,1.6061684,11.616873,-0.25792694,-0.13409005,0.4438154
-0.19762698,1.2851743,13.866227,-0.05552686,-0.025433166,0.32876694
-0.019762699,-0.11318636,13.732679,-0.17483638,0.14394373,0.40759647
-0.29344612,1.2276827,11.545608,0.22250693,0.23449114,0.6611292
0.6192312,0.15989819,11.058127,-0.719186,0.1098553,0.37350804
0.4078302,0.6054572,7.385859,-0.1098553,0.18548901,0.42570594
0.5132313,0.5862934,6.2827415,-0.04700475,-0.25659534,0.3969438
0.41262117,1.088745,5.7862782,0.25446483,-0.2406164,0.3245059
0.1676835,1.5199311,6.2587867,0.037151065,0.15992269,0.24354587
-0.6821125,1.5726317,7.4720964,-0.16737953,0.31864694,0.19560902
-0.78811246,1.0935359,10.284987,0.2288985,0.08215845,0.4001396
-0.8755474,1.9217727,13.871018,-0.5242428,0.18442374,0.25952482
-0.15510723,-0.01736722,15.799977,-1.3807147,0.14607427,0.04008054
-0.12636149,-2.4541678,14.868735,0.1468732,0.34101748,-0.030226853
1.3480556,-0.6348018,12.973313,0.8329029,-0.59002286,0.155129
0.49346858,0.80607855,9.52023,-0.050200544,1.1900325,-0.8909598
-0.84680164,0.61024815,6.077329,-1.0984199,0.9098682,-0.84302294
-0.44316354,0.404237,5.5946403,-0.7586008,1.0558093,-0.9506145
-1.5911967,-0.39525396,5.422765,-0.22809955,0.67764074,-1.0060083
-0.42879066,-1.065988,6.6217017,0.7508776,-0.39721015,-0.17829849
-1.1492308,-0.1419321,8.971067,0.43662488,-0.20226692,-0.067511074
-4.170528,-2.1721,9.606468,-0.5061333,1.3764536,-0.42224383
-2.6625743,-1.070779,10.002919,-0.8107987,0.5423523,0.40227014
-4.1417823,-0.4910731,13.545833,-0.5913544,0.12476899,0.14873742
-3.2003593,-2.0139985,16.019762,-0.4347607,-0.28535748,0.20413113
-2.9937494,-1.3528465,12.901448,0.327968,-0.11704583,0.66752076
-2.2445633,-2.1625183,9.725643,0.41638488,0.4518049,0.6163881
-1.6732417,-0.7449938,6.4737806,0.53356385,0.34847432,0.88057345
-1.8798518,0.078451924,5.8048434,0.5559344,-0.49201858,0.35646382
-1.9133885,0.020960437,6.464199,0.61878496,-0.8062713,0.20093533
-1.9606992,0.75816894,7.672119,0.36738276,-0.7061366,0.18282585
-1.9032077,1.3282928,8.488977,-0.037417382,-0.6528734,0.07097318
-1.8505071,1.3666205,8.264401,-0.090680555,-0.45473436,-0.043010015
-1.6007786,1.309129,8.379384,-0.3580617,-0.44088593,-0.021704745
-0.8611745,0.84919715,7.700865,-0.5444828,0.23449114,0.02197106
-0.3233896,-1.5876034,11.101247,-0.16205321,0.6328997,0.2776343
-2.5469925,-0.9270502,14.142905,0.3428817,1.8068202,0.33409327
-2.095445,-4.9442677,17.013287,-0.67231447,-0.56232595,-1.2595409
-0.015570611,-3.6992178,16.712654,-0.04913528,-1.4646041,-0.7386271
0.58449674,-1.0132874,9.525022,0.78070503,0.57644075,-0.6044039
-0.058689225,1.1701913,5.647341,0.20013638,0.46458805,-0.7066692
-0.37609014,1.1749822,6.4019165,0.48669228,-0.34181643,-1.2829767
-0.4575364,0.83482426,7.0229445,0.6102629,-0.72744185,-1.4949642
-0.52940077,0.63420296,8.393158,0.37057856,-0.5324986,-1.5876421
-1.0534117,0.7773328,8.603361,0.23315956,0.029960537,-1.3117388
-1.2594229,0.8012876,9.233971,0.44727752,0.10879004,-1.0241177
-1.3845866,1.3570386,9.988546,0.4973449,0.22490376,-0.71625656
-1.2791855,1.5534679,11.488116,0.18309216,0.5274386,-0.73649657
-2.2589362,1.9121908,11.344986,-0.10346372,1.8313211,-0.5894902
-1.6624621,-1.8127784,14.539956,-0.74794817,-1.2291809,-1.4374399
-0.65396565,-1.7840327,10.657484,1.2504863,1.4861758,0.21691428
-1.6289254,0.91627055,8.933338,0.9287766,-0.20013638,-0.35193643
-0.9228581,-0.5916832,8.990829,0.49201858,-0.14154689,-0.67897236
-1.0570049,0.21259873,7.300221,0.52291125,0.6009418,-0.45952806
-2.0756822,1.1366546,5.8150244,0.150069,0.6147902,-0.43609226
-2.411648,1.9313545,6.0204363,-0.06404897,-0.12982899,-0.6033386
-2.320021,1.4720216,7.6104355,-0.32503852,-0.5143891,-0.9420924
-2.1235917,1.4097391,8.498559,-0.41771647,-0.33649012,-0.8813724
-2.1906652,-0.046112962,13.269753,-0.54874384,-1.0789788,-1.2765852
-1.9601003,-0.0029943483,13.990792,0.3226417,-0.17457005,-0.8952208
-0.24014673,-1.0803608,15.365797,0.3024017,-0.91599345,-1.853958
-0.15870045,-0.46232736,11.502489,0.663526,0.42730382,-1.7751285
-0.76415765,0.69169444,7.7871017,0.5655218,0.32077748,-1.9785938
-0.12995471,0.1934349,6.455216,1.0512819,0.282428,-1.8305222
-1.3115245,1.534304,5.5473294,0.9532777,0.35060486,-1.777259
-0.93184114,0.9258525,7.276266,0.60919756,-0.33542484,-1.898699
-1.162406,0.79170567,9.224988,0.56871754,-0.37377435,-1.2265178
-2.72845,2.443987,11.125201,0.27363956,-0.114915304,-0.7641934
-2.7667778,1.8115807,15.580791,-0.0981374,-0.17563532,-1.1167957
-1.6385074,-0.48149118,13.8901825,0.424907,-0.47497436,-1.0912293
-1.9840552,1.2420557,8.981248,0.90534085,0.32077748,-0.6970818
-1.9169817,0.8300333,7.5673165,-0.04913528,-0.327968,-1.2286483
-1.4318973,-0.11318636,6.946888,0.014780532,-0.32690275,-0.8547408
-1.5899988,0.54317474,6.18273,0.19587533,-0.18096164,-0.2624543
-1.5899988,1.3714114,6.1396117,0.09361003,-0.19587533,0.017710006
-1.3067335,1.8019987,8.498559,-0.07683213,-0.1735048,-0.06325002
-1.4989707,1.8594903,9.620841,-0.19933744,0.7500787,-0.01744369
-2.4212298,0.25571734,13.116443,-1.3221252,-0.18628795,-0.80680394
-2.3541565,-0.80727625,13.971628,-0.11731215,-1.0629998,-0.13568795
-0.9659767,-0.8503949,15.91017,-0.004394212,-0.74981236,-0.7567366
-0.36051953,-0.71145713,10.614366,0.6081323,-0.2406164,-0.7002776
-0.38926527,0.6437849,8.07396,0.6528734,-0.6752439,-0.7663239
-0.5096381,1.4432758,6.698357,0.7902924,-0.24381219,-0.97618085
-0.6054572,2.0798743,6.206685,0.6219807,0.25473115,-1.1902988
-0.4755025,2.1661115,7.181046,0.39294907,-0.31411958,-1.3362399
-0.11558184,1.5199311,10.313733,0.22037639,0.1769669,-0.8845682
-0.83123106,1.5151402,12.295392,0.31305432,1.7066853,-0.37963328
-1.8349366,1.7115694,14.501628,-0.33036485,1.6736622,-0.495747
-3.1075346,0.73481303,11.378523,0.10213214,0.11731215,-0.45207122
-2.3583486,-0.95579594,10.599993,1.3932315,-0.16285217,-0.039814223
-3.587828,1.9744732,8.685407,0.4302333,-0.6773744,-0.33063117
-1.7289367,0.7252311,8.236254,-0.006524739,-0.659265,-0.05366265
-1.1671969,2.10862,6.0252275,0.7370292,-1.4816484,-0.50639963
-0.24493769,0.7970955,5.198787,0.17883112,-1.5317158,-0.9932251
0.48029345,1.8259535,8.030842,-0.51998174,-0.8478166,-1.009204
-1.056406,2.549388,7.520006,-0.6648576,2.0582223,-0.24221429
-1.681027,0.8156604,9.1291685,-0.7862976,0.3346259,0.20093533
-0.9605869,1.1174908,13.293708,-0.440087,-0.99162716,-0.10692582
-0.2012202,0.7539769,14.086612,0.20972376,-0.9767135,-0.054727912
-0.35033873,1.2708014,13.308081,0.4004059,-0.46432173,-0.2390185
0.61024815,1.194146,13.207471,-0.6840323,-0.5591302,-0.91865665
0.37010142,0.5479657,9.009994,0.08189213,0.3378217,-1.2574104
0.63420296,0.6198301,6.1491933,0.023302639,-0.85633874,-0.4137217
0.19702812,1.1797732,5.7677135,0.26511747,0.3058638,0.0645816
1.4648352,-0.21319759,6.197103,0.30879328,-0.45260385,0.8475503
0.6192312,2.535015,10.184377,0.26831326,0.5103944,-0.6012081
0.047310703,2.9751844,11.3018675,0.074435286,0.28881958,-0.35619748
0.19163829,2.7260547,13.809335,-0.27816695,0.37936696,-0.6459492
-0.04850844,2.0607104,12.496014,-0.26644903,-0.4888228,-0.71838707
1.17618,-1.1899539,9.549575,1.0843052,0.10665951,-1.187103
1.8391286,0.54317474,10.060411,0.8680566,-0.43555963,-0.8025429
1.2432534,0.93064344,8.832728,1.1301115,0.6297039,-0.7215829
-0.840813,2.5398061,4.7358613,0.7391597,0.82677764,-0.13249215
-1.1198862,3.7459295,3.8375566,1.0661956,-0.53356385,-0.5053344
-0.8024853,3.6261556,6.067747,0.6858966,-0.857404,-0.5948165
-1.2636149,3.6213646,9.620841,-0.7213166,0.7873629,0.10506161
-1.6624621,6.3605943,11.058127,-0.97911036,0.480567,0.7133271
0.5755137,4.129206,15.948497,-1.1506177,-0.5974797,0.030493168
2.6841338,-0.80727625,14.26747,-1.8515612,-0.2693785,-1.1977557
3.4530823,-0.61084706,9.85979,0.4334291,-0.74768186,-2.3130865
1.804993,-0.08444062,6.449826,-0.20466375,-1.172722,-2.4025688
1.286372,0.4952652,5.189205,-0.17803216,-1.3357073,-2.1149476
1.4402815,0.9689711,7.218775,0.024367902,-0.99588823,-1.8347833
0.91207844,1.5055583,7.958977,-0.01291632,-0.41745013,-1.8305222
0.7060673,1.8403264,10.074784,-0.2121206,-0.13302478,-1.4235915
1.0372422,2.1038291,11.80372,0.07656582,-0.04673844,-1.150884
0.9941236,2.2092302,13.536849,-0.35167012,-0.074435286,-0.85687137
1.2103156,1.2803832,13.823708,-0.70427233,-0.3748396,-0.8355661
2.2571397,-0.8120672,14.726204,0.526107,-0.36205643,-0.68749446
1.1043156,0.7491859,10.10353,0.45793015,-0.49414912,-0.67364603
1.373807,0.3275817,9.205824,0.3013364,-0.3865575,-0.7684545
1.0228693,0.6198301,7.4625144,0.5175849,-0.25020376,-0.7087997
0.77793163,0.86357003,6.306696,0.3865575,-0.15433006,-0.63742703
0.062282443,1.5870045,5.829397,0.22996376,-0.15326479,-0.4637891
-0.12995471,2.0846653,6.431261,-0.2004027,-0.53356385,-0.29547748
0.8306322,2.429614,8.417711,-0.3783017,-0.35246906,-0.045140542
0.84500504,2.3673317,9.501666,-0.5391565,0.042743698,0.09547424
1.3252985,2.4631507,10.1131115,-0.0033289485,-0.075500555,0.19667427
3.7129917,1.8259535,13.312872,-0.34527853,-0.58469653,0.28402588
4.73107,-0.9030954,15.423288,-1.4116074,0.44967437,0.08482161
4.6927423,-0.50544596,10.667066,0.5282375,-0.027563693,0.12104057
4.639443,0.7635588,10.747913,0.72744185,-0.58469653,-0.5213133
3.8567204,0.67732155,9.1818695,-0.10559425,0.18655427,-0.78017235
2.848224,0.7252311,7.53917,0.15433006,0.21851218,-0.9665935
2.5937045,0.7773328,7.5864806,0.07763108,-0.09574056,-1.0720546
2.4877045,0.9545982,7.5295877,-0.0033289485,-0.027563693,-1.1583409
2.3391848,1.198937,7.548752,-0.0075900024,-0.04141212,-1.0582062
2.089456,1.8307445,7.620017,-0.18335849,-0.18309216,-1.0113345
2.012202,2.5398061,7.285848,-0.15566163,-0.21505007,-1.0123998
2.2954674,3.2003593,7.5631247,-0.5444828,-0.38549224,-1.0954903
2.8673878,2.3864956,8.336266,-0.8885629,-0.31411958,-0.988964
3.4339185,2.7308455,8.895011,-0.45819646,-0.35673013,-0.69601655
4.4621778,2.0319648,12.319347,-0.14607427,-0.54847753,-0.74075764
1.8684733,2.9751844,11.636636,0.6773744,0.06831002,-0.9111998
2.214021,1.3905753,12.992476,0.00519316,-0.643286,-0.98257244
3.1362803,0.69169444,13.818917,-0.4049333,-0.5101281,-1.2052125
2.1517386,0.6725306,10.10832,-0.31758168,0.27816695,-1.1551452
1.5510724,0.6677396,7.7110453,-0.08215845,0.113051094,-1.1956252
1.0468241,1.1126997,6.526481,0.2725743,0.19401112,-1.0635325
0.6096493,1.6636598,6.2258487,0.060586862,-0.033955276,-0.9623324
0.37429354,1.8594903,7.0995994,-0.500807,-0.15326479,-0.8089345
0.4413669,1.644496,8.212299,-1.0291777,-0.18309216,-0.73969233
0.3886664,1.5055583,9.8358345,-1.0717883,0.22170797,-0.5053344
0.50903916,1.9073998,11.736647,-1.5479611,0.6190513,-0.14953637
0.96537787,2.554179,12.787065,-3.1671617,2.833734,-0.31678274
-0.34614664,-1.300146,12.290602,-2.8177552,1.5149379,-1.4662021
1.0420332,-6.0737357,13.503312,1.4933664,0.06404897,-0.5436839
2.3577497,-2.4781225,11.197065,2.2145498,-0.6496776,-0.8408924
1.2007337,-1.9229704,8.31231,1.4241241,0.674445,-1.1189262
-0.043717485,0.006587566,5.858143,1.1982883,0.3697796,-1.1572757
-0.2305648,0.33237264,6.5121083,0.85633874,0.35380065,-1.3990905
-0.67732155,1.088745,6.8510685,0.5186502,0.9311735,-1.3106736
-1.667253,1.9361455,7.524797,-0.18975006,1.070723,-1.1689936
-2.8919415,2.4871056,9.262716,0.20439744,0.97804505,-0.5777723
-4.32324,2.783546,11.073099,0.40253645,0.54661334,-0.62677443
-4.635251,2.0798743,13.675188,-0.17590164,0.6233123,-1.0539451
-3.6650822,-1.9085976,13.794962,-0.5285039,0.5902892,-1.23504
-3.275817,-1.0899427,9.114796,1.3836441,0.1801627,-0.32743537
-2.963806,-0.35213536,8.608751,0.9085366,-0.56658703,-0.36898065
-2.944642,0.67732155,7.2379384,0.49521437,-0.47817016,-0.40413436
-3.0069244,0.70127636,5.5617023,0.5122586,-1.0598041,-0.42224383
-2.6080773,1.4720216,5.2419057,0.485627,-1.5860442,-0.10692582
-1.8732642,1.9888461,5.8868885,0.40253645,-2.1762002,-0.008921582
-0.951005,1.8355354,7.53917,0.15113427,-2.0249329,0.07097318
-0.47071153,1.8978179,9.439982,-0.25686166,-2.2624865,0.36285537
4.298686,0.5767115,15.604746,-0.42943436,-2.9463859,0.64088917
5.1826177,1.4097391,15.800576,0.7977492,-0.99162716,0.51305753
6.950481,0.18385299,14.396826,0.5878923,0.1918806,0.42570594
4.740652,2.8506196,6.6079273,2.6310678,0.30160272,0.07203845
3.7369466,4.469364,6.3641877,1.5817832,-1.30588,-0.86965454
3.050043,3.5932178,5.5575104,0.46219122,-0.29814062,-1.2105389
2.2769024,3.6650822,4.6975336,-0.67764074,0.65100914,-1.4118737
2.3535576,3.233896,4.955646,-0.7639271,0.87684506,-1.1647325
1.6043718,3.5405173,5.609612,-0.58070177,0.22809955,-0.76099765
0.9366321,3.7555115,7.887712,-0.20466375,-0.65393865,-0.2922817
1.4552532,5.072426,9.449564,-0.13861741,-0.96925664,0.032623697
3.6507094,4.962234,14.793278,-0.49441543,-1.0012145,0.027297378
5.153872,2.00801,14.277651,-0.32823431,-0.075500555,0.13595426
3.2380881,2.4056594,10.877269,-0.17590164,0.6819018,0.13595426
2.402066,1.208519,8.60396,-0.8076029,0.5913544,0.4203796
2.0469365,1.1701913,6.436052,-0.23768692,0.6552702,0.785765
1.2737957,1.5726317,5.0562563,-0.09920266,0.40067226,0.81665766
0.9803496,2.0798743,4.883782,0.40786278,0.15246584,0.73782814
1.6576711,2.3146312,6.9852157,0.29174906,-0.5996102,0.43742383
2.8536139,2.1709025,10.084366,0.26298693,-0.47497436,0.3415501
4.1268106,2.5158513,11.970805,-0.48163226,0.19507638,0.5503418
5.3467083,1.6876147,14.592656,-1.6193337,0.26538378,0.11677951
4.7029233,0.22218063,12.663697,-0.123703726,0.6371607,-0.33915326
4.5352397,1.7067784,10.022682,0.60706705,-0.8020103,-0.35193643
3.7087996,1.9313545,9.215406,0.5921534,-0.56019545,-1.1327746
1.6678519,1.7355242,6.0875096,0.12876374,0.50932914,-1.2147999
1.0001123,1.8642812,5.719804,-0.18229322,0.541287,-1.227583
1.1971405,1.754688,7.25291,-0.1215732,0.561527,-1.0337051
1.7205524,1.7451061,8.599768,0.06804371,0.66911864,-0.81639135
0.9569937,3.5980089,8.790808,0.7892271,0.6531397,-0.26991114
1.5091515,3.6507094,9.86997,0.39188382,-0.26831326,-0.15805848
1.7295355,4.167534,12.906838,0.32690275,-0.18735322,-0.20173427
1.9990269,2.8458285,11.937268,0.47603965,0.13648689,-0.4637891
2.0086088,2.5062695,11.211438,-0.13968268,-0.3577954,-0.65766704
1.6097616,1.4336939,10.032264,-0.29201537,0.102398455,-0.64701444
0.93244004,2.0415466,6.8372946,-0.42623857,0.1300953,-0.48509437
0.78811246,1.5774226,6.6366735,-0.023568956,-0.025433166,-0.3327617
-0.2012202,2.6068795,5.9012613,-0.0118510565,0.10879004,-0.23795325
-0.06647453,2.783546,6.86604,-0.20785955,-0.12769847,-0.25180167
-0.22038403,3.7082007,7.993113,-0.33995223,-0.37057856,-0.18149427
0.55275667,3.2051504,10.858106,-0.39854172,-0.22144166,-0.06325002
1.6864169,2.439196,13.332036,-1.3924326,-0.016911058,0.04540686
3.5980089,0.006587566,14.502227,-0.5721797,-0.48988807,-0.34234905
3.0602238,-0.046112962,11.1785,0.36418697,-0.15646058,-0.26351956
2.4649475,1.8211626,9.201033,0.28855327,-0.5548691,-0.6214481
1.6432983,1.6732417,7.830819,-0.07257108,0.029960537,-0.8813724
0.1401355,1.9840552,5.6766853,-0.27816695,0.6233123,-0.78123766
0.12576263,1.9648913,6.994797,-0.23981746,0.07257108,-0.73436606
0.16888124,1.9361455,8.375192,0.027563693,0.17590164,-0.35193643
0.3036269,2.0463376,9.520829,0.06591318,0.28136274,-0.19001637
0.010180783,2.6547892,9.053112,0.69441867,0.11944267,0.11571425
0.9707677,2.788337,12.687054,0.4099933,-0.12982899,-0.051532123
0.8126661,1.8978179,12.811618,-0.37936696,0.4251733,-0.07177213
0.76954746,0.93543434,12.902047,-0.10665951,0.048070017,-0.13142689
0.79829323,0.35632744,13.069132,-0.46884912,0.15140058,-0.03555317
0.33237264,0.55275667,9.3777,-0.2557964,0.07363634,0.25206798
0.5150279,0.6821125,7.997904,-0.06085318,-0.21824586,0.17963006
0.22158177,1.1174908,7.0618706,0.35246906,-0.33329433,0.2222406
0.27488115,1.76427,6.350414,0.14900373,-0.23209429,0.14128058
0.058689225,2.2044392,7.123554,-0.06511423,-0.327968,-0.0025300009
-0.17666654,3.0901673,7.840401,0.023302639,-0.4536691,0.05499423
0.25511846,3.0614216,9.846016,-0.009720529,-0.42064592,0.05179844
-0.047310703,3.0853763,8.714152,0.1884185,-0.32370695,0.13382374
1.5378972,1.5103493,9.898117,0.0030626326,-0.1617869,0.21052271
1.7349254,1.309129,10.476027,0.4185154,0.34208274,0.27869958
3.1853876,-1.2043269,15.39035,-1.1463567,-0.13089426,-0.2241048
4.0789013,-2.3535576,14.439944,-0.52956915,0.18548901,0.32344064
2.397874,1.1893551,10.199348,0.54847753,0.03954791,-0.13249215
1.2737957,1.8361343,7.9404125,-0.165249,0.83636504,-0.44461435
0.95220274,1.3187109,7.348729,-0.5274386,1.5650053,-0.28162906
0.18864393,1.3330839,8.327282,0.040346857,1.4361084,0.09334372
-0.123367146,1.4001572,7.1768537,0.6933534,0.47737122,0.09227845
-0.5030505,2.4918966,7.763746,1.0161283,0.165249,0.14021531
-1.1797732,4.0908785,7.1864357,0.94582087,0.20572902,0.009187898
-1.7325299,4.459782,7.348729,0.485627,-0.15646058,-0.19001637
-1.0408354,3.7369466,10.481417,0.3716438,-0.7231808,-0.05366265
-1.511547,3.5261445,13.379946,0.44301647,-0.2374206,-0.023835272
-1.4828012,1.8313433,12.582251,-0.5551354,0.5508744,-0.2624543
-0.96358126,1.6876147,12.897856,-0.8246471,-0.2523343,-0.70453864
-0.6563611,0.7923045,9.789124,-0.4347607,0.41452068,-0.1633848
-1.0402366,1.5390949,7.133735,-0.65207446,0.3058638,0.28828695
-0.40184152,1.1462365,5.953962,-0.63396496,0.13116057,0.08815055
-0.7905079,1.0552083,5.4191713,-0.3111901,-0.26511747,0.06258423
-0.53598833,1.8648801,6.269566,0.1735048,-0.7189197,0.15526216
-0.6467792,2.2523487,7.644571,-0.16205321,-0.48669228,-0.08335687
-0.026949134,2.1325748,10.290377,-0.5881586,-0.58682704,-0.24101587
0.71744585,0.7970955,14.664521,-0.9109335,-0.34394696,-0.35073802
1.55227,-0.9701688,16.001797,-0.8811061,-0.5729786,-0.5255744
1.8642812,-3.2680316,14.234532,0.46751752,-0.2757701,-0.24754061
1.7492982,0.5623386,10.567055,0.7348987,-0.841425,-0.55540174
0.9659767,1.878654,7.314594,0.0083889505,-0.4067975,-0.75993234
0.7162481,2.10862,6.3929334,-0.94076085,0.0054594753,-1.2147999
0.38507318,-0.14612418,6.775012,-1.3167989,0.6126597,-1.162602
0.17846315,-1.4390837,7.5822883,-0.80334187,0.64035654,-0.5980123
-0.335367,-0.7162481,8.637497,0.21185428,0.19401112,-0.016378427
-1.0126885,0.45693752,10.137066,-0.06191844,0.19933744,0.22330587
0.24613541,-0.5485646,11.355167,0.4302333,0.4049333,0.6834997
0.9042932,1.5247221,12.415167,1.0065409,0.31225538,0.943424
0.918666,0.054497138,13.346409,0.7423555,-0.24594271,0.050733175
1.1252761,-0.9701688,12.506195,0.5942839,-0.33862063,-0.22943114
1.331886,-1.3097279,11.464761,0.2555301,-0.055260547,-0.22943114
0.3275817,0.2700902,7.185837,0.67098284,-0.05632581,0.06884266
0.34674552,1.1606094,6.4504247,0.31305432,-0.60919756,0.052863702
0.16468915,1.3282928,6.1450014,-0.16418374,-0.5346291,-0.11864372
-0.123966016,1.424112,6.3312497,-0.6797713,-0.47177857,-0.09201214
0.35632744,1.0168806,8.632706,-1.3104073,-0.7103976,-0.121839516
0.41920874,0.81146836,10.748512,-1.1165293,-0.2555301,0.005992107
0.75996554,1.0695812,11.440805,-0.89601976,-0.11065425,0.11571425
0.8515926,0.40902796,11.359958,-0.36764908,0.038482644,0.40653118
3.1805966,-0.07425983,14.033911,-0.104528986,-0.44195122,0.37776908
3.891455,-2.8518171,14.717221,0.27150905,0.3346259,-0.42970067
3.14706,-3.3925965,10.089756,1.5253242,0.89175874,-0.100534245
2.090654,-0.0886327,9.459146,1.8662086,-0.23635535,-0.5479449
0.7503837,0.7156492,8.857282,0.98097456,0.6531397,-0.26991114
-0.36411273,1.5103493,6.784594,0.39401436,0.87151873,-0.1751027
-0.9551971,1.993637,5.7958603,0.32370695,0.22277324,0.04647212
-1.061197,2.4200323,6.1066737,0.061652128,-0.22676797,0.17536901
-0.052101657,2.3721225,7.897294,-0.083223715,-0.18415743,0.2222406
-0.2012202,2.2667215,8.6997795,0.27044377,-0.025433166,0.2222406
5.9886964E-4,1.7498971,10.853314,0.36099118,-0.3716438,0.2573943
-0.26350263,1.893027,12.940375,0.34181643,-0.08615319,0.66219443
0.69708425,1.203728,13.236217,0.44195122,-0.6262418,0.943424
0.6150391,1.9265636,12.276229,0.25020376,-0.25659534,1.5793864
0.44256467,1.1414455,10.1658125,-0.20146796,0.5434176,1.7849822
0.33656475,1.754688,7.4864693,-0.4017375,0.5103944,2.0576897
-0.24972863,2.664371,8.499158,-0.27497116,0.4837628,1.0882999
-1.387581,2.319422,8.794999,-0.6062681,0.9950893,0.8816387
-0.27368343,1.0168806,10.58562,0.075500555,0.16205321,0.5556681
-0.44615787,0.47610137,9.23457,1.2920315,0.5945502,0.84009343
-0.40303928,1.543886,9.229779,1.48804,-0.29814062,0.963664
-0.7300221,2.324213,10.59041,0.9756482,-0.41531962,1.0776472
0.14911854,2.2331848,11.02519,0.12769847,0.07470161,1.4622073
0.37968335,1.7588801,12.070816,-0.28029746,0.81186396,1.4494241
0.24972863,0.629412,9.798106,-0.22170797,0.8459524,2.314418
0.32818055,0.9072875,9.201632,0.11917636,0.8896282,2.4157515
-0.34375116,1.1031178,7.272074,-0.43263015,1.0281124,2.462623
-0.2958416,0.75876784,7.0858254,-0.12050793,0.2760364,2.4530356
1.0779654,1.2851743,8.566232,0.19481006,-0.724246,1.9065554
1.9181794,2.2331848,9.430999,0.5197154,0.39854172,1.4495573
2.0002246,2.8224726,9.803496,0.9554082,0.5327649,1.1459572
1.0923382,4.89516,9.5980835,0.88936186,0.6616618,0.9989509
0.9390276,4.9718156,11.107235,0.623046,0.35380065,0.7709845
0.39106187,3.8944492,12.387019,0.45153856,1.1570094,0.91692555
-0.94860953,4.129206,10.328705,-0.22916481,0.7575355,0.162719
-0.8192537,2.7266533,9.4837,-0.92052084,0.74049133,-0.45087278
0.1658869,-0.30422577,11.541415,-2.5929847,0.4720449,0.099868454
-0.09821462,-0.5341917,8.948909,-0.7372955,0.69788074,0.9627319
-0.5545533,1.2133099,6.441442,0.6038713,-0.6060018,1.4261216
0.01676835,1.649287,6.995396,0.43769014,-0.025433166,1.4271868
-0.96298236,2.7026987,6.7187185,0.6123934,-0.0595216,1.1619362
-1.1450387,3.363252,9.230378,0.78070503,-0.3812312,1.063932
-2.1876707,3.6315455,12.568477,0.95221245,-0.28961852,0.74009186
-0.7042707,3.5453084,13.3751545,0.18309216,-0.1031974,0.8560724
3.344687,0.89770555,16.374294,-1.1101377,0.13968268,0.9040093
1.6055695,-0.6922933,10.017891,0.348208,1.6427695,0.959403
1.3702137,1.6636598,8.055395,0.78496605,-0.36631748,1.1447588
0.9623835,2.5829248,7.6589437,0.19054902,-0.23955114,0.5705818
0.49167198,2.448778,5.6772842,-0.28668904,-0.00519316,0.5301018
0.98154736,2.9081109,5.481454,0.327968,-9.321056E-4,0.45766383
1.7211514,4.1723247,7.3391476,0.6198502,-0.24487746,0.19667427
1.341468,4.2010703,7.9074745,0.60919756,-0.26618272,0.047537386
1.0102931,3.8609126,8.384774,0.93410295,-1.0480862,0.11358372
1.4905865,2.8033087,9.712468,0.40253645,-1.6552863,0.9530114
2.4703372,2.769772,13.461391,-0.20359848,-0.7221155,1.0872346
2.700902,1.754688,13.685369,-0.6094639,0.96739244,1.020123
2.1631172,1.759479,11.789947,-0.4251733,1.2635357,1.3823125
2.2253995,2.3864956,11.598907,-0.9088029,0.7127945,1.6720643
2.1385634,1.9648913,7.864356,-0.48269755,0.8779103,1.6177359
1.9708799,2.2331848,6.0258265,0.29707536,0.8193208,0.80707026
1.3366771,2.319422,5.141895,0.7135934,0.69575024,0.49175227
0.808474,4.0908785,6.292922,0.837164,-0.16391742,0.3362238
1.1737845,3.574054,10.5958,-0.06831002,-0.3748396,0.2969422
1.2121122,3.2913876,11.570162,0.08189213,-0.085087925,0.3555317
2.067298,1.5486768,13.332036,0.13622057,-0.44195122,0.48762438
2.4320097,1.0839541,13.795561,-0.019307902,0.10879004,0.31292117
1.7840327,0.04970618,10.92997,-0.37297538,0.79375446,0.5110602
2.5523825,1.428903,10.543699,0.56232595,-0.6262418,0.53449595
1.6253322,1.76427,8.814762,-0.14287847,0.22596903,0.10839056
0.3862709,1.8505071,4.707714,-0.29308063,0.7586008,0.2213085
0.77014637,1.7930157,5.8395777,0.19374481,-0.29707536,0.20746008
1.543886,1.5486768,7.5685143,0.79455346,-0.1884185,0.35766223
1.9229704,2.8560092,7.243328,0.69228816,0.09387635,0.44501385
3.0662127,3.1189132,9.044129,0.65180814,-0.27683535,0.35340118
3.7147884,3.8519294,10.538908,0.49521437,-0.47284386,-0.10359688
2.4272187,1.7211514,13.762024,-0.73623025,0.31332064,-0.0940095
0.10300558,-1.3720104,13.164951,-1.410542,2.0710053,0.52597386
-0.93962646,1.4097391,10.481417,-1.2891021,1.1559441,1.5134732
-0.53598833,0.040124267,11.679754,-1.3381041,0.5157207,1.1566099
0.76595426,1.7930157,7.8020735,-0.7841671,0.06831002,1.3409004
1.3803945,1.4624397,6.503125,-0.29308063,-0.105327934,0.71239495
1.4810046,1.7978066,6.1162558,0.11917636,-0.094675295,0.6984134
1.1689935,2.448778,8.021859,0.98736614,-0.26724797,0.30852696
1.2696036,2.0415466,10.490998,0.7285071,0.0310258,0.13701952
0.24673429,2.764981,12.028296,0.45473436,0.4890891,-0.022770008
-0.0125762625,1.8121796,13.447019,-0.62224704,0.67124915,-0.31358695
1.2935584,-1.415129,16.479095,-1.0536788,0.45819646,-0.56498915
0.8521915,-1.8984168,12.037879,0.13409005,0.5508744,-0.18788585
3.3782237,1.8313433,6.269566,2.0164106,-2.0803266,0.18815216
4.401692,2.8272636,7.6876893,1.8044232,-3.3991227,-1.1029472
3.0326757,0.9312423,7.272074,0.66565657,-1.6957663,-1.5887074
1.0390388,1.0743722,6.4695888,-0.123703726,-0.07976161,-1.7484969
-0.0029943483,-0.0071864356,6.18812,-0.31864694,0.19401112,-1.6664716
-0.19044055,0.9024965,6.8420854,-0.008655266,0.31971222,-1.0795114
0.3569263,1.9265636,9.569338,-0.43263015,-0.24274692,-0.7460839
1.0821574,2.8560092,11.527042,-0.3346259,-0.3982754,-0.47444174
1.3564397,2.6260433,14.449527,-0.6265081,0.0075900024,-0.45420173
0.7941011,0.6725306,13.169743,-0.9194556,0.96313137,0.1668469
0.4102257,0.8354232,12.114533,-0.72451234,0.4283691,0.587626
0.121570535,0.72044015,10.371224,-0.61159444,0.30373326,0.7239797
0.390463,0.7539769,7.840401,-0.8747145,0.17377111,0.71119654
0.020960437,0.6869035,6.1929107,0.009454214,0.71599025,0.6217144
-0.30602238,0.8833327,6.761238,-0.2792322,1.095224,1.1287799
-0.6803159,1.4863944,8.518322,0.8190545,0.65207446,1.3088094
-0.81506157,1.9553094,10.505371,0.9032103,0.6169207,1.3492894
-0.7527791,2.7362354,11.870794,0.56019545,0.99828506,1.4387716
-1.0408354,1.9601003,12.19059,-0.29414588,-0.042477384,0.983904
0.74080175,-1.3624284,15.060972,-0.5082639,0.041678436,0.3980091
0.029943481,0.25092638,10.486207,0.3780354,0.122638464,0.41079226
0.500655,1.7211514,10.20414,0.6219807,-0.91599345,-0.13249215
0.10240671,2.2619307,7.888311,0.46112594,-0.6219807,-0.40306908
0.015570611,1.6253322,5.710222,0.4281028,-0.54847753,-0.338088
0.0059886966,2.5972977,4.6550136,0.28322694,-0.22250693,-0.37856802
0.3473444,2.554179,6.3216677,-0.28988484,-0.06910897,-0.4083954
0.48149118,2.5685518,8.479994,0.03182475,0.1098553,-0.16445005
0.70247406,3.2961786,11.101846,-0.050200544,-0.3716438,-0.08562055
0.9713665,3.3057604,13.11225,-0.12583426,-0.3226417,-0.19108164
-0.349141,2.5062695,12.854736,-0.54874384,0.5061333,-0.09946898
-0.97735524,0.6725306,12.028895,0.020106848,0.7021418,0.023169482
-1.4672306,1.6732417,10.954523,-0.08855003,0.2440785,0.3289001
-0.8426096,0.77793163,11.040162,-0.14927006,0.043808963,0.16484953
-0.15570611,0.7108583,8.657259,0.16285217,-0.06804371,0.54088753
-0.17007898,1.6732417,5.7108207,0.033955276,0.4635228,0.4716454
-0.597073,1.424112,4.1256127,-0.29414588,0.43263015,0.3438138
-0.42938954,2.218812,5.458098,0.25979114,-0.45793015,0.5249086
-0.50604486,2.6356254,8.75787,0.0041278964,-0.56339127,0.3033338
-0.7557735,3.2913876,10.45327,0.10106688,-0.36205643,0.5845634
0.3012314,2.453569,13.418872,-0.47737122,-0.8084019,0.41092542
2.049332,0.294045,16.756971,-1.5958979,-0.25872588,-0.1877527
1.3241007,-1.6834226,12.306172,-0.20572902,0.79801553,-0.20373166
1.8672755,-0.05030505,10.868885,0.7551387,-0.6858966,-0.29321378
1.1132987,1.5486768,9.207022,0.5037365,-0.012650005,-0.42850226
0.25811282,1.2803832,7.1966166,-0.3580617,0.20146796,-0.5424855
-0.24613541,1.5199311,5.912041,0.36631748,0.028895274,-0.310258
-0.120971665,1.5199311,6.1030803,-0.19720691,0.08002792,-0.30493167
0.15750271,1.3857844,6.6851816,-0.16737953,-0.06484792,-0.1845569
1.0031066,2.0708911,8.557248,-0.038482644,-0.33649012,-0.0940095
0.8809372,2.6931167,10.051428,0.28003114,-0.42277646,-0.20692743
1.4193211,2.774563,12.912229,0.22250693,-0.816924,-0.37523907
1.1983382,1.4528577,14.010555,-0.4890891,0.41878173,-0.29534432
0.05030505,0.3707003,12.267245,-0.27284062,0.15246584,-0.20053586
-0.1658869,-0.6252199,11.2024555,0.76685655,0.15140058,0.12756531
0.17966089,0.73481303,11.359958,0.020106848,0.20253323,0.55473596
0.45334432,0.80188644,9.311225,-0.090680555,0.34740907,0.8807066
0.9917281,1.3762025,7.7930903,-0.13755216,0.12476899,0.8317045
0.6599543,1.3570386,6.1168547,-0.21318586,0.5721797,0.62184757
0.36231613,1.7355242,5.543736,-0.19614165,-0.14367741,0.52384335
0.38147995,2.329004,7.382266,0.22463745,-0.3982754,0.279898
0.24673429,2.1996481,10.323914,-0.104528986,-0.38016593,0.23941797
0.27548003,1.993637,12.14328,-0.03954791,-0.21824586,0.5621928
2.6386197,0.9839428,15.166373,-0.8246471,-1.0821745,0.5398223
3.133286,-1.4726205,14.822023,-0.79375446,0.122638464,-0.05885581
1.9565071,-0.41920874,9.593292,0.93410295,0.33995223,0.2745717
1.7648689,1.3905753,9.001011,0.74448603,-0.31625012,-0.096140034
1.1689935,1.4624397,7.4247856,-0.16951005,0.29734167,-0.38802224
0.48688102,1.4001572,6.0737357,-0.5061333,0.30692905,-0.3336938
0.92525357,1.9559082,6.766628,-0.48589334,-0.35673013,-0.22077587
0.3012314,3.243478,5.7539396,-0.0033289485,-0.35886064,-0.65646863
0.6000674,2.200247,11.553393,-0.09387635,-1.2206589,-0.9355677
2.7320433,0.91267735,13.21346,0.055260547,0.09081372,-0.28668904
1.6894113,1.3055358,12.764307,0.028628957,0.45406857,0.18309216
0.9881349,0.7647565,12.330127,0.639025,1.3446289,0.2842922
2.7559981,-1.2414567,13.423663,0.6677871,0.52224547,1.512541
-0.31799978,-0.34614664,12.038477,0.7391597,1.5289195,1.1215893
-0.31320882,-0.23595464,11.135981,0.31305432,0.8141276,0.1468732
-0.68810123,-0.08803384,8.767451,0.74768186,0.5233107,0.3258375
-0.41441777,0.7455927,8.762661,1.0267808,0.086552665,0.52291125
-0.24134447,1.2240895,7.5212035,0.47284386,0.25060326,0.74981236
-0.17427106,1.6552757,8.08474,0.035020538,-0.35872748,0.2406164
-0.48628214,2.1146088,8.571621,0.65180814,0.6692518,0.4600607
-0.40962684,2.7080884,7.4828763,-0.6094639,0.62131494,0.75407344
-0.34674552,2.6511958,7.2247634,-0.9727188,-0.090281084,0.41318908
-0.5916832,2.296665,7.616424,-0.69788074,-0.28415903,0.23955114
0.119175054,2.8422353,8.600367,-1.0281124,-0.6697844,0.7700524
0.26769474,3.5848336,8.165587,-1.3934978,-0.17976321,0.14474268
0.8539881,2.176891,8.495564,-0.48589334,-0.5366265,-0.13968268
0.65696,1.7504959,10.348467,0.48775753,-1.1416962,0.05313002
1.8235581,1.3666205,13.786578,0.06271739,-0.897884,-0.13555479
2.4960887,-1.8409252,12.716997,-0.8257124,0.20892482,0.07749792
3.4710484,-1.1037167,11.279111,0.33222905,-0.877644,0.20532954
3.216529,0.011977393,11.3940935,-0.051265806,0.069375284,-0.046072647
1.405547,-0.09821462,8.6339035,0.19161427,0.5125249,-0.3635212
1.7948123,0.14133324,9.039338,0.17563532,0.28029746,-0.24847272
0.93004453,0.3036269,9.383688,0.042477384,-0.8925577,-0.2633864
2.0637047,-0.011977393,10.042445,0.060586862,0.051265806,-0.17070848
1.3720104,0.15570611,10.142456,-0.43795645,0.8171903,-0.046072647
0.9492084,0.6054572,8.867463,-0.17483638,0.122638464,0.0956074
0.9492084,0.6054572,8.867463,-0.17483638,0.122638464,0.0956074
1.5594566,1.1366546,9.655575,0.43449435,0.1567269,0.1339569
1.2761912,1.31392,9.374106,0.3865575,0.31012484,-0.115314774
1.3863832,0.6581577,10.534117,-0.02783001,0.4869586,-0.08229161
0.7090616,1.5055583,9.011191,0.52291125,0.5593965,0.19361165
0.9492084,2.1229928,9.120785,0.6507428,-0.21824586,0.07643266
1.2133099,1.8792529,9.765168,0.5410207,-0.2842922,-0.20053586
0.8677621,2.3912864,9.206423,0.6166544,-0.11385004,-0.085487396
1.0360445,2.5781338,9.00161,0.22250693,-0.41425437,0.0029294747
1.2432534,3.1955683,9.135158,0.36312172,-0.49201858,0.10839056
1.5169368,3.229105,9.459744,-0.015046847,-0.43555963,0.061518967
1.4492645,3.2913876,9.226186,0.07230476,-0.28003114,0.02530001
1.5504735,3.1668227,9.106412,0.18628795,-0.31411958,0.12543479
1.6948011,3.4111614,9.020773,0.040346857,-0.17883112,0.21704744
1.8385298,3.3201332,9.044728,0.10213214,-0.10213214,0.16804533
2.0738854,2.9087098,9.183067,0.022237375,-0.045673173,0.19041586
2.1271849,3.0236928,8.901598,0.19267954,0.08855003,0.12969583
2.2517498,2.8416364,9.307033,-0.1332911,0.06724476,0.12436952
1.9397388,3.2626417,8.366209,0.06484792,0.019307902,0.2564622
2.1703036,3.123704,8.863271,0.12876374,-0.307728,0.30866012
2.1655126,3.1907773,8.925553,-0.02783001,-0.1468732,0.25859272
2.112812,2.8464274,8.47161,0.013715268,-0.00519316,0.38962013
2.5014784,2.7458172,9.192649,-0.20253323,-0.061652128,0.3757717
2.540405,2.5398061,8.944118,-0.14713952,0.13542162,0.45992753
3.0829809,2.3385859,9.569937,-0.26005745,-0.09574056,0.35446644
3.3614552,2.5014784,9.3405695,-0.053396333,0.09387635,0.46099278
3.4530823,2.6547892,9.502863,-0.0054594753,0.20466375,0.12969583
3.2464724,2.1619194,9.823258,-0.12796478,0.302668,-0.16751269
2.9476364,2.535015,8.977654,-0.081093185,0.4166512,-0.008788424
2.6356254,3.2530599,9.225587,-0.15140058,0.11092056,-0.15153374
2.3086424,2.5829248,9.68432,-0.29201537,0.20785955,-0.29747483
2.0732868,1.7738519,9.278287,-0.13542162,0.02143843,-0.17496954
2.1697047,2.8368454,8.653068,0.1735048,-0.114915304,0.06791055
2.149942,2.7985177,9.14953,0.07869634,-0.096805826,-0.14194636
1.5786203,2.1373658,8.8914175,0.25339955,0.071505815,-0.22610219
1.7031852,2.3577497,9.5980835,0.075500555,-0.0478037,0.14460953
1.5594566,3.0662127,8.877045,0.2810964,0.28881958,0.123304255
1.5594566,2.5398061,9.464536,-0.16737953,-0.027563693,-0.018375795
2.577535,3.1668227,8.972864,-0.104528986,-0.015845794,-0.07163897
1.616948,3.789647,9.989744,0.1468732,0.29734167,0.03169159
1.5690384,2.9470375,9.244751,-0.30160272,0.37084487,-0.12170636
1.4438747,2.9278736,8.724333,-0.19933744,0.32397327,-0.0737695
1.208519,2.6068795,9.402253,-0.14074795,0.035286855,-0.16112112
1.6073661,2.4775236,9.750795,-0.10346372,0.08428898,-0.20479691
1.6121571,2.5014784,9.459744,-0.1215732,0.017177375,-0.2346243
1.4678295,2.2331848,8.963282,-0.12903005,0.041678436,-0.24740745
1.2995471,2.0655015,9.750795,-0.1684448,-0.29387957,-0.2633864
1.8151739,2.0517273,9.832841,-0.11092056,-0.22357218,-0.28895274
1.1426432,2.1427555,9.412434,-0.15779217,0.2004027,-0.26232114
1.0180783,1.9654901,9.804095,-0.29521117,0.26005745,-0.1877527
0.68151367,1.8552982,9.216603,0.11385004,0.28349325,-0.13768531
0.96477896,1.6013774,10.329304,-0.07683213,-0.035020538,-0.13768531
0.52341205,2.1619194,9.011191,0.17563532,0.4304996,-2.6631588E-4
0.72044015,2.1331737,9.336378,0.11171951,-0.07869634,-0.04074633
0.82584125,2.224202,9.087847,0.35566485,-0.1181111,0.079628445
1.1138976,2.6931167,9.866377,0.19054902,-0.0595216,-0.097205296
0.9366321,2.7266533,8.839315,0.17137428,-0.040346857,-0.10998846
0.8791406,2.870382,8.954299,0.21611534,-0.44088593,-0.16325164
0.9222592,2.6356254,8.978253,0.44940805,-0.7892271,-0.15472953
1.3690159,2.899128,9.278886,0.49201858,-0.96712613,-0.08761793
2.1948571,3.9812853,9.05431,0.063782655,-0.7615303,-0.07057371
