lsm6dso_acceleration_sensor.x,lsm6dso_acceleration_sensor.y,lsm6dso_acceleration_sensor.z,lsm6dso_gyroscope_sensor.x,lsm6dso_gyroscope_sensor.y,lsm6dso_gyroscope_sensor.z
0,0,0,0.0106901415,-0.9023243,0.04512767
0,0,0,0.12492194,-0.061773747,-0.1118647
0,0,0,0.1957823,0.5790239,-0.03428481
0,0,0,-0.15118915,0.22411118,-0.13935363
0,0,0,-0.14935656,0.37010798,0.13370313
0,0,0,-0.3643811,-0.337274,0.20822869
0,0,0,0.46028697,0.18562667,0.33223432
0,0,0,0.768163,-0.4649448,0.610178
-0.6991069,3.2225955,7.9538374,0.5720753,-0.62438065,0.34811684
-0.16759412,3.2848446,7.3744407,0.36254853,-0.16256651,0.19295706
-0.9696517,3.4356794,6.9315133,0.07971791,-0.21265747,-0.0012980887
-0.31603462,3.5003228,6.7711015,0.105374254,-0.10392345,0.0066431593
-0.521936,4.2425256,6.8740525,-0.18906279,-0.14240795,-0.054443367
-0.5793968,4.1276035,7.819762,-0.14263703,-0.19372064,-0.11491902
-0.2705448,4.7548847,9.021651,-0.22266038,-0.4405102,-0.1118647
0.21068975,4.865018,10.230723,-0.28313604,-0.5785657,-0.23892467
1.1324574,5.078401,9.81892,-0.96974856,-1.1582769,-1.0226648
0.35194764,3.1914709,12.270583,-1.38025,-0.49182287,-1.1631638
0.23942018,2.7102363,10.427048,0.06994407,0.100716405,-0.20960313
0.93373865,3.8283286,8.681675,1.2189816,0.27359128,-0.37698022
-0.07182605,3.632004,6.8381395,0.7101309,-0.19860756,-0.8656724
-0.6943185,3.2441432,6.6753335,-0.02107485,0.47090074,-0.69829535
-1.5705963,3.9097314,6.988974,-0.14935656,0.41409028,-0.09231701
-1.5514427,4.5920787,8.435072,0.2134974,0.21739167,0.008475755
-2.2409728,4.5896845,9.383176,0.12980886,0.14530957,0.015195273
-2.4253263,4.3119574,11.013627,-0.14508049,0.14469871,0.58513254
-0.9624691,4.7309427,9.761459,-0.08582657,0.60956717,0.6315583
-1.0941502,3.6511576,11.638514,-0.8579602,-0.64026314,0.09216429
-1.3431472,2.3702598,9.404723,-0.14569137,0.51488304,0.71158165
-0.79966336,3.2728736,8.073547,0.40042216,-0.29512426,0.7073056
0.2801216,2.906561,7.534852,0.31856623,-0.27924177,0.27969992
-0.5770026,2.8514943,6.742371,0.05222898,-0.061773747,0.21739167
-0.35913026,3.1890767,6.61069,-0.083383106,-0.16378824,0.2955824
0.51714754,4.158728,7.7215996,-0.23182335,-0.328111,0.19601138
0.09816227,4.1419687,9.555558,-0.2770274,-0.14485142,-0.14729488
0.021547815,4.0533834,10.822091,-0.4083634,-0.014737124,-0.022067508
0.35194764,3.5817258,11.657667,-0.6160576,0.08544478,-0.16378824
0.61530983,3.6272156,12.7613945,-0.64476824,-0.3910301,-0.4386776
-0.25378537,2.1811178,10.759842,-0.21227567,0.05917757,-0.4197408
-0.06943185,3.2441432,7.642591,0.80664754,0.10132727,-0.0031306844
-0.36870706,3.205836,6.8381395,0.28496864,-0.33421963,-0.631711
-0.61291564,2.4947581,7.75033,-0.34238997,-0.028787024,-0.38675407
-0.7110779,3.1244333,7.656956,-0.064446285,0.53198725,-0.28657216
-1.4939818,3.4237084,7.803003,0.093767814,0.029245174,-0.14668402
-0.6775591,4.3981485,8.676887,0.13713925,0.031688634,-0.24136813
-2.3463178,3.6224272,11.200375,-0.1554652,-0.10514518,-0.21632266
-1.8339585,3.323152,12.864345,-0.19822577,0.8478046,0.619341
-1.4700398,4.6040497,11.142914,-0.46578476,-0.110032104,0.17402023
-0.2873042,1.5370775,12.876316,-0.2874121,-1.0183887,-0.023289237
-0.2777274,1.6472107,9.510069,0.7968737,0.56375223,0.7378489
-0.6871359,2.7126305,6.807015,1.294118,-0.10514518,0.7378489
0.12689269,2.882619,6.2108583,0.6478226,-0.4649448,0.6724863
0.3854665,3.2800562,6.7232175,-0.0027488936,0.010919216,0.45623997
-0.35194764,3.086126,6.2276177,-0.24648413,0.30657798,0.2766456
0.37828386,3.572149,8.145373,-0.33628133,-0.08315403,0.22716552
0.45729253,3.560178,10.034399,-0.51343226,-0.07338019,-0.15034921
0.45968673,3.3925838,11.257835,-0.5910121,0.1483639,0.0884991
1.163582,3.9312792,11.688792,-0.27885997,-0.030008756,0.15752688
1.7190368,3.8283286,12.450149,-0.355829,-1.320767,-0.44967318
2.3678656,1.7980455,11.205163,0.12186762,-1.1967614,-0.2578615
2.2409728,2.7102363,7.214029,0.8219192,0.77816594,0.067118816
0.46208093,3.8019924,5.585972,0.34483343,0.39393172,-0.40630174
0.8283938,3.1675289,6.7806783,-0.52626044,-0.13935363,-0.7251734
-0.7015011,2.9783869,7.9203186,-0.5006041,0.40248385,-0.5260313
-0.06464344,3.4165258,9.165303,0.051618114,0.35117117,-0.1540144
-1.4437037,3.620033,9.694422,-0.01863139,0.85513496,-0.050167307
-2.0590134,3.5936968,11.559505,-0.46883908,0.19601138,0.13553573
-1.460463,3.1268275,11.310508,-0.5006041,0.56863916,0.2955824
-0.6895301,2.944868,13.359944,-0.6356053,-2.6115253,0.31390837
2.348712,1.079785,11.382334,0.43157628,-1.0574841,0.7964919
1.1827357,2.2266076,9.208399,1.3900238,0.9693668,0.73479456
0.94331545,2.8299465,6.6011133,1.3888022,0.6541603,0.6639342
0.6584055,3.1627405,6.095937,0.6600399,0.08666651,0.31635183
0.5243302,3.3063924,6.1893106,0.11575896,-0.11247557,0.20212004
1.2425907,3.7804444,7.3744407,-0.10903945,0.10865766,-0.063606344
1.3862427,3.7421372,9.435848,-0.16890424,0.1501965,-0.40385827
1.103727,3.6367924,10.204387,-0.44868052,0.755564,-0.55168766
-0.06703765,3.3135753,11.772589,-0.5305365,0.4208098,-0.29206994
0.6512229,4.1802764,13.340791,0.102319926,-0.24686591,-0.29756773
-0.5386954,2.042254,7.424719,0.2275473,-0.22182044,0.25221097
1.0031705,3.691859,6.395212,0.45906523,-0.22182044,0.7225772
0.8690952,4.956297,7.190087,0.49266282,-0.47777298,-0.80153155
0.23223756,3.7900212,7.012916,-0.01740966,-0.2932917,-1.0751992
-0.45010993,3.8714242,7.3576813,-0.5458081,0.12148582,-0.45700356
0.44771573,5.0951605,8.3512745,-0.43890667,0.4208098,-0.178449
-0.4165911,5.4255605,9.694422,-0.086437434,0.19906572,-0.40996695
-0.80684596,5.0472765,11.990461,0.13041973,0.1764637,-0.32750013
-0.7565677,4.982633,11.267412,-0.36682457,0.941267,0.106214195
-0.78769237,3.1028855,12.201151,-0.14508049,-1.4062881,0.2149482
0.7182605,1.7884687,10.00088,0.6612616,0.30963233,0.3206279
-1.2425907,2.231396,7.1134725,0.83658,0.62056273,0.69753176
-0.30406362,2.96881,6.050447,0.43768495,0.05551238,0.7897724
0.272939,3.4524388,6.476615,0.22327125,-0.0959822,0.3994295
-0.17238252,3.7421372,6.232406,0.06078109,0.30657798,0.021303926
-0.035913024,4.4005427,7.949049,-0.23671028,-0.29878947,-0.19738583
0.31364042,3.775656,10.065523,-0.067500606,0.037797287,-0.436845
0.34476504,4.6591167,10.494085,-0.17134771,0.71341425,-0.2767983
-0.32321724,5.9355254,9.694422,-0.61544675,-0.17234036,-0.34643695
0.22026655,3.8163576,13.110948,-0.88056225,-1.2639565,-0.8815549
0.5793968,2.4349031,10.127772,0.14935656,0.31268665,-0.011682798
0.2705448,4.060566,6.143821,0.65270954,0.4641812,-0.118584216
-0.28491,3.6607344,6.3066263,0.25870144,-0.9292024,-0.7422776
0.10534488,3.2249897,7.1230493,-0.12064589,0.13003793,-0.9163742
-1.3383588,3.8714242,7.6617446,-0.32162055,-0.18028161,-0.76426876
0.24899697,3.3973722,7.6018896,-0.41447207,-0.10392345,-0.4637231
-1.1851299,4.4675803,10.10383,-0.61117065,1.2143238,-0.33544138
-2.566584,4.24492,10.611402,-0.7693848,0.41836634,-0.39041924
-3.0909145,3.1914709,12.373533,-1.2055426,-0.07887798,-0.0538325
-0.9816227,1.4293385,14.10933,-0.54092115,-1.4392749,0.28153253
-1.7429788,1.0223241,9.330503,0.07971791,0.9479865,0.60406935
-1.6184803,1.6879122,7.3912,0.061391957,0.36522105,0.8276461
-0.80205756,1.7429788,7.762301,0.106595986,-0.31589368,0.11537717
-1.2449849,1.2569559,7.237971,0.1469131,0.017027868,0.274813
-1.151611,2.243367,7.0440407,0.09560041,0.031688634,0.3627776
-1.0295067,2.7246015,8.403947,-0.118202426,-0.39408445,-0.083764896
-0.6727707,1.9800048,11.056723,0.113926366,-0.67630416,-0.3195589
-0.32321724,1.6663644,10.379164,-0.43585235,0.61139977,0.100716405
-0.12689269,2.135628,11.842021,-1.0161743,-0.33788484,0.19478965
0.21068975,0.82360536,14.241011,-0.29901853,-0.59078306,-0.82169014
-0.6679823,0.7445967,7.91553,0.95569867,0.55886537,0.43974662
0.5410896,3.4284968,6.0312934,0.22510384,0.56986094,0.2503784
0.61052144,3.7612908,6.2755017,-0.01863139,0.25648704,-0.05933029
-1.5634137,1.1803415,8.324939,0.06566802,-0.046502117,-0.60605466
-0.9864111,2.1859062,8.542811,0.074830994,-0.070936725,0.06650795
-1.0366893,2.5761611,8.971373,-0.27397305,0.04879286,0.13859005
-1.7501614,2.3127987,11.142914,-0.3839288,0.55703276,0.050014593
-2.2864625,1.7357962,12.059894,-0.29901853,0.55275667,0.2570979
-2.2984335,2.078167,11.604995,-0.6020077,0.34567338,0.41775545
-0.45250413,-0.7086837,14.58817,0.3100141,-0.85101163,0.21189389
-1.7405846,0.6991069,7.340922,0.68508536,1.2833515,1.068327
-1.0606314,1.6017209,6.2228293,-0.28680122,-0.27130052,1.0231229
0.11731588,1.5514427,8.145373,-0.0143553335,-0.56940275,0.38293615
-0.46208093,1.1994951,7.319374,0.48716503,-0.15706873,0.15447254
-0.4261679,1.9369092,6.431125,0.06811147,-0.1961641,0.24610233
-0.8499416,1.7022774,7.970597,-0.41386122,-0.13446671,0.19417879
-0.05746084,2.1811178,12.102989,-0.48899764,-0.8235227,-0.10758864
-0.19153613,0.8595184,12.457331,-0.23243423,0.09582949,-0.51931185
0.055066638,1.0965444,12.66802,-0.093767814,-0.6897432,-0.13629931
1.1851299,1.3790601,13.553875,-0.12858713,-0.58772874,-0.92798066
-0.05267244,-0.35913026,10.118196,0.33444872,0.25465444,-0.5761223
0.4141969,1.6663644,6.9458785,0.5555819,0.36155587,0.35056028
-0.016759412,2.956839,6.4335194,-0.00580322,-0.07154759,-0.41668645
-0.2825158,1.7980455,8.181287,-0.014966198,-0.5077054,-0.704404
-0.9840169,1.6783354,8.605061,0.42852196,0.40920335,-0.13691017
-0.93613285,2.2002714,8.459014,0.16279559,0.628504,0.38782308
-0.7062895,2.930503,9.589077,-0.21777347,0.6840927,0.48372892
-1.6424223,2.753332,11.585841,-0.15668693,0.49900055,0.07322747
-2.1667526,2.4492683,12.778153,0.022296581,0.27786732,0.39271
-0.9768343,1.3551182,15.783176,0.34422258,-1.1955396,0.09521862
-0.93134445,0.92895025,8.65055,0.8396343,1.7317266,0.9076694
-1.436521,2.3008277,5.9235544,-0.06505715,0.55886537,1.0341185
0.14844051,2.5785553,7.51091,-0.07727446,-0.5590181,0.2925281
-0.6703765,1.484405,7.6976576,0.3998113,-0.24808764,-0.08071057
-0.3854665,1.9656396,6.6154785,0.28252518,0.16668986,0.47395507
-0.17956513,2.779668,6.9099655,-0.41263947,0.036575556,0.43547055
-0.7254431,2.4540567,9.495703,-0.7272351,-0.3030655,0.28458685
-0.14604631,2.3511062,11.45416,-0.37720928,0.42875105,-0.0538325
-1.4987702,1.4676456,11.0734825,-0.91538155,-0.10331258,-0.4741078
-0.7469909,0.10534488,14.789582,-0.87995136,-1.4301119,-0.5070945
0.37349546,0.17238252,12.038345,0.58368176,-0.06971499,0.05429065
0.81402856,2.5689783,6.368876,0.8781188,0.20212004,0.40065125
1.3024458,3.9839516,5.992986,0.09560041,0.22350033,-0.6311002
-0.24420857,2.3535004,8.20044,-0.41996986,-0.7190648,-1.6133715
-1.1444284,1.4221559,9.364022,0.051618114,-0.24136813,-0.8870527
-0.7445967,2.5953147,9.972149,0.5177083,0.042073343,-0.118584216
-0.8451532,3.1747115,9.797373,0.3436117,0.43974662,-0.111253835
-1.4676456,2.9496565,10.939406,0.15241088,0.4629595,-0.17111863
-0.9504981,2.6647465,11.61936,-0.24709499,-0.07704538,-0.3458261
0.91219085,1.0869676,12.988844,-0.22876903,-1.3549755,-0.57490057
-1.3120226,0.2896984,8.090307,0.32834008,1.5869515,0.47090074
-1.9033904,1.661576,6.7806783,-0.089491755,0.2363285,1.1196396
0.30885202,2.0925324,9.05517,0.18845193,-0.790536,0.45013133
-0.06464344,1.99437,8.6936455,0.5177083,-0.042836927,0.2570979
-0.088585466,2.566584,7.3026147,0.009468411,0.43730316,0.15813774
-0.533907,2.5737667,8.866028,-0.46944994,0.058566704,0.023747386
-0.035913024,2.645593,10.8268795,-0.1328632,0.45196393,-0.29695687
-0.7278373,2.44448,9.948207,-0.08093964,0.42325327,-0.29145908
0.031124622,2.2146366,12.790125,-0.44073927,-1.0483211,-0.8290205
-0.16759412,0.29448682,12.845191,-0.08155051,-0.3470478,-0.87544626
-0.2825158,0.3184288,9.498097,0.50671273,-0.022067508,0.44768786
1.127669,2.4851813,7.094319,0.5543602,0.5808565,0.48617238
0.46686932,2.5210943,6.4502788,-0.1872302,-0.45394924,-0.53458345
-0.01436521,1.733402,8.111855,-0.41996986,-0.25480717,-0.81924665
-0.9983821,2.2888567,8.078336,-0.4596761,0.6120106,-0.17478381
-1.1994951,2.8778305,9.5531645,-0.4822781,0.3328452,0.036575556
-2.0039468,2.669535,11.676821,0.1328632,0.053679783,0.03718642
-1.1923125,2.554613,12.2203045,0.5354234,0.27908906,0.14958562
-1.922544,2.9712043,10.520422,-0.2049453,0.46234864,0.25831965
-1.067814,1.1300632,14.221857,-0.15424347,-1.1814897,-0.086819224
-1.1803415,0.58657944,9.608231,0.69058317,1.2076043,0.63766694
-1.0271125,1.7621324,6.692093,0.29168814,-0.030008756,0.80687666
0.110133275,1.7884687,7.1517797,0.16707164,-0.44784057,0.48128545
-0.37110126,1.472434,6.9482727,0.32895094,-0.23831381,0.1324814
0.093373865,1.9728222,5.8996124,0.18173242,0.0041996986,0.12759447
0.15322891,2.3511062,7.747936,-0.3295618,-0.40385827,-0.4356233
0.16519992,1.0223241,10.944195,-0.3643811,-0.30917418,-0.5950591
-0.24420857,1.4700398,10.996868,-0.4792238,0.6211736,-0.08926269
0.16759412,2.2864625,12.471696,-0.43279803,-0.7569384,-0.13080151
0.8714894,2.2002714,14.087782,-0.23609942,-1.0012845,-1.1161271
0.35913026,0.50278234,11.355998,0.4437936,-0.391641,-0.51320314
0.6631939,2.9951463,6.574777,0.6630942,0.85024804,0.041462477
-0.18435353,3.0023289,6.1797338,0.16584991,-0.3018438,-0.6885215
-1.0702082,1.970428,7.4295073,0.17440203,0.25831965,-0.8516225
-2.944868,2.791639,7.352893,-0.12492194,0.79588103,-0.51747924
-2.7246015,3.1124623,8.638579,-0.41386122,-0.082543164,-0.155847
-2.5115175,2.542642,12.696751,-0.42180246,0.03718642,0.46906814
-2.042254,2.8203697,16.139912,0.044898596,0.92233014,1.6132188
-0.9528923,4.2161894,13.936948,1.022283,1.2106586,1.9638554
-1.4269443,2.9257145,8.966584,0.87689704,0.34994942,0.6278931
-1.8698715,2.3654714,6.5915365,0.10293079,0.12515102,0.18318321
-1.8076223,1.6065093,7.439084,-0.1872302,-0.9524153,-0.061773747
0.19632454,1.5945383,7.723994,0.11942416,-0.50281847,0.19295706
0.04070143,2.4253263,6.4837976,3.05E-04,-0.06543894,0.2222786
0.6392518,2.96881,6.893206,0.009468411,-0.17295122,0.090331696
0.074220255,3.502717,7.558794,-0.13041973,-0.2120466,-0.25725064
0.16280572,3.0597897,10.185233,-0.41996986,-0.7147887,-0.7233408
-1.2473791,2.408567,10.893917,-0.75900006,0.20517437,-0.40569088
-0.90500826,2.858677,12.510003,-0.37110063,-1.125901,-0.14424056
-0.39504328,2.0925324,13.43656,-0.06811147,-0.83818346,-1.1949288
-1.2282255,0.4333505,9.522039,0.16462818,0.26381743,-0.12408201
-0.40222588,2.9831753,6.7112465,0.17745635,0.8899543,0.45868343
-0.89064306,3.5769374,6.9817915,-0.17256944,-0.060552016,-0.4472297
-1.0749966,2.2266076,8.504503,0.0571159,-0.11797335,-0.65736735
-1.4317327,2.3391352,8.109461,0.13958271,0.47090074,-0.24992025
-1.8148049,3.1364043,8.564359,-0.15302174,0.85391325,0.14042264
-2.813187,3.2393548,10.427048,-0.2049453,1.0573313,0.24365887
-3.2273839,2.681506,11.423036,0.02107485,0.64316475,0.36338845
-2.3894134,3.3399115,12.493244,0.19028452,0.028634308,0.78305286
-1.2785037,1.7836803,13.630489,0.074830994,-1.0507646,0.21372648
-1.7429788,0.93852705,9.474155,0.06078109,0.49472448,0.8832348
-1.1563994,1.553837,7.1469913,-0.32834008,0.20212004,1.1752284
-0.05267244,1.7741034,6.977003,-0.09743301,-0.11614075,1.0335076
-0.1316811,2.3511062,6.098331,0.355829,-0.20777054,0.7183012
-0.047884032,2.9903579,5.942708,0.13041973,-0.17478381,0.447077
-0.22505496,3.560178,7.537246,-0.40530908,-0.41118866,0.04024075
-0.6919243,1.8315643,10.881946,-0.5671884,-0.74716455,-0.22915083
1.1324574,1.8674773,13.70471,-0.31856623,0.101938136,-0.06666067
0.110133275,2.303222,11.839626,-0.8573494,0.5228243,-0.6286567
-0.23942018,1.0103531,12.873921,-1.2977833,-0.58772874,-1.2993867
0.076614454,-0.20829555,11.504438,0.28802297,-0.41179952,-0.35682166
1.1875241,2.1284454,6.8165917,1.2696834,0.86124367,0.2851977
0.17238252,3.028665,4.9395375,0.3930918,0.19417879,-0.5913939
-0.35194764,1.8722657,7.108684,-0.2996294,-0.264581,-0.8058076
-1.2880806,1.7238252,8.463802,-0.21899518,0.13614659,-0.38675407
-1.2330139,2.0087352,9.292196,0.22204952,0.37804922,0.015195273
-1.8555063,3.1292217,10.33128,-0.056505036,0.2680935,0.04512767
-0.866701,2.7006595,13.177985,-0.06261369,-0.34949127,0.27053696
0.6584055,4.498705,14.530709,0.3747658,-0.03795,0.55336756
-1.0486604,0.6607997,12.517186,0.17806722,0.042073343,-0.37820193
-2.054225,0.1412579,8.722376,0.17745635,0.9602038,0.72563154
-1.6017209,1.2449849,6.706458,0.21166481,0.44157922,1.0286207
0.033518825,2.147599,6.7256117,0.1572978,-0.24808764,0.69447744
-0.18674773,2.0446482,7.118261,0.27458394,-0.25175285,0.17768542
0.09816227,2.2098482,6.7806783,0.2556471,-0.1399645,0.17218764
-0.11252748,2.9783869,8.588301,0.121256754,-0.10209085,-0.3036764
-1.1611878,1.9033904,9.718364,-0.4615087,0.07200574,-0.22548564
-0.02873042,2.030283,11.317691,-0.87689704,0.08666651,0.062842764
0.17717093,2.4061728,12.361563,-0.7840455,-0.6152177,-0.39958224
-0.30166942,0.7302315,14.003985,-0.768163,-1.0159453,-1.053208
0.46686932,0.02633622,10.783784,0.18967366,-0.11675162,0.5759696
1.376666,2.705448,6.7136407,0.61178154,0.8783479,0.47395507
0.50038815,2.9233203,5.454291,0.025350908,-0.044058654,-0.7447211
0.05746084,1.6759412,8.257901,-0.12797627,-0.5272531,-1.2547935
-1.0462662,1.3215994,8.688857,0.014966198,0.31574097,-0.63965225
-1.2378023,2.372654,9.991303,-0.06505715,0.478842,0.02985604
-2.1691468,2.7629087,11.810896,0.0015271631,0.21311562,0.26259568
0.37349546,3.1483753,14.530709,0.6417139,-0.4881577,0.47762027
-0.2825158,3.0358477,12.864345,0.34116822,-0.20044015,-0.3739259
-0.6679823,-0.48362875,10.338462,0.10476339,0.33040175,0.05062546
-1.8339585,0.7422025,6.622661,0.013133603,1.2161564,1.0188469
-1.6472107,1.5753847,5.7511716,-0.07422013,0.04390594,1.0420598
-0.24899697,1.9919758,7.379229,0.20005837,-0.79786634,0.6120106
0.10055647,2.3918076,7.0655885,0.27091873,0.0322995,0.46357036
-0.08379706,2.743755,7.4223247,-0.33200526,0.078725256,0.24426974
-0.093373865,2.7629087,9.809343,-0.6588182,0.0139735425,0.042073343
0.49799395,1.9776106,12.031163,-0.54702985,0.070173144,-0.554742
-0.94331545,1.8171991,11.593024,-0.7510588,0.60590196,0.00908662
0.18674773,1.4891934,12.289737,-0.61483586,-0.4545601,-0.40324742
0.02633622,-0.50038815,12.4908495,-0.013133603,-0.76671225,-0.99517584
-0.20829555,-0.46208093,9.759066,0.6612616,0.14714217,0.101938136
0.1388637,2.2242134,5.4255605,0.46395215,1.2283736,0.27725646
-0.32800564,2.731784,5.291485,-0.30268374,5.35E-04,-0.56573755
-0.40222588,1.2401965,8.545205,-0.29718593,-0.26335928,-1.1204032
-1.8579005,0.61530983,8.791808,-0.2134974,0.6755406,-0.65919995
-3.3877954,1.1899183,9.830892,-0.48838675,0.5277112,0.53381985
-2.1212628,1.8890251,13.769353,0.0070249503,-0.89316136,0.8832348
-0.30645782,2.1045034,15.706562,0.840856,-0.67569333,1.263193
-0.6895301,1.079785,13.731046,0.49327368,-0.72822773,0.510607
0.074220255,0.19393034,9.737517,0.6630942,1.4391222,1.3505467
-0.93852705,1.6831238,5.696105,0.08093964,1.081766,1.1898892
-0.0047884034,2.1811178,6.1150904,-0.1414153,-0.30123293,0.57291526
0.11971009,1.5777789,6.8237743,0.3912592,-0.8394052,-0.13629931
0.12689269,1.7741034,7.0440407,0.61422503,-0.27313313,0.101938136
0.7469909,3.086126,7.048829,0.0015271631,-0.15034921,0.07200574
0.2657564,3.0190883,9.620202,-0.88117313,-0.20410535,-0.53458345
0.59136784,1.3958195,12.852374,-0.73639804,-0.24869852,-0.6695847
-0.51235914,1.5969325,12.107778,-0.3839288,-0.29756773,-0.28657216
2.6719291,2.9376855,12.598589,0.12186762,-0.90354604,-0.21632266
1.9033904,1.6543933,11.85878,0.09315695,-0.38797578,-1.0483211
0.30885202,0.533907,8.834904,0.23915374,0.49533537,-0.350713
-0.02633622,1.8507179,6.320992,0.36865717,0.510607,-0.26335928
-0.39743748,2.1332338,6.998551,0.3539964,-0.4441754,-0.6347653
-0.44771573,2.1811178,8.090307,0.16157386,-0.12652546,-0.6097199
-0.6512229,2.1021092,9.608231,-0.025961773,0.35117117,-0.30428725
-1.2521675,2.1930888,10.273819,-0.14569137,0.85269153,-0.10881037
-1.7046716,1.8459295,11.78456,-0.03390302,0.5802456,0.2344959
-1.376666,2.930503,10.419865,-0.22021692,1.1000919,0.4098142
-1.685518,2.372654,12.567464,-0.7809912,-1.4362205,-0.058108557
1.1420342,0.46686932,12.088624,0.35277468,-0.23709208,0.3169627
-0.08379706,2.018312,7.206846,0.56291234,1.0658835,0.8673523
0.095768064,2.5761611,6.392818,0.019242255,-0.33299792,0.47945285
-0.31364042,1.7405846,7.633014,0.08460484,-0.39225185,0.067118816
-0.30406362,1.6472107,8.075942,0.7076874,-0.42401683,0.34750596
0.0047884034,2.9592333,8.315362,0.6771441,-0.17967074,0.2766456
0.24899697,3.028665,9.9434185,0.027183503,-0.55352026,0.036575556
0.6799533,3.1842883,10.529999,-0.77549344,0.38782308,0.10010554
0.34955344,3.1364043,11.748647,-0.8188649,-0.4637231,-0.16073392
1.1827357,2.7605145,12.402264,-0.36987892,-0.8998809,-0.71051264
0.5554548,0.41180268,11.02081,-0.099265605,-0.08743009,-0.4649448
1.0247183,1.7549498,6.962638,0.086437434,1.0432814,0.5955173
0.4381389,2.9831753,6.124667,-0.22815818,0.5063309,0.04024075
0.059855044,1.6639702,7.8460984,-0.3454443,-0.20166188,-0.41118866
-0.29688102,1.8890251,8.743924,-0.18600847,0.134314,-0.23098342
-0.1388637,2.5761611,9.344869,-0.14874569,0.47456592,-0.0067958757
-1.2761095,2.765303,11.1692505,-0.19517145,0.24793494,0.0023671028
-0.40701428,2.066196,13.67598,0.29657507,-0.23831381,0.51610476
0.8595184,3.359065,12.208334,0.57940567,0.2906955,0.7922159
0.39264908,1.6759412,13.953707,0.37659842,-1.0507646,0.09216429
-0.12449849,0.61291564,8.681675,0.8775079,1.2595278,0.42569673
-1.3239936,1.5873557,5.669769,0.45540005,0.51976997,0.9174432
0.5386954,2.6144683,6.6011133,0.2666427,-0.22731823,0.72929674
-0.038307227,2.291251,7.486968,0.17623462,-0.522977,-0.02023491
0.44532153,2.0207062,7.573159,0.13897185,-0.17417295,0.03352123
0.6631939,2.920926,7.8006086,-0.3203988,-0.09048442,-0.19860756
0.33997664,2.4875755,9.972149,-0.5555819,-0.18455766,-0.53213996
0.79966336,2.0470424,11.909059,-0.5928447,0.39393172,-0.34643695
-0.39743748,2.6192567,12.972084,-0.2678644,0.028634308,-0.27985263
0.9792285,3.454833,12.65605,0.12370021,-1.0434341,-0.36781722
1.8028339,1.0031705,10.034399,0.62888575,-0.4105778,-0.41485387
1.1420342,2.2601264,5.626673,0.36010507,0.9540951,0.5735261
1.0773908,3.5242648,8.15495,-0.13897185,-1.4099534,-0.672639
1.5993267,1.8602947,7.496545,-0.43890667,0.19540052,-1.4123968
-0.24181437,1.9177556,7.046435,-1.1114693,0.86979574,-0.66042167
-0.01436521,2.4660277,8.152556,-0.9049969,0.66087985,-0.20593795
-0.6703765,2.693477,10.283396,-0.27458394,0.7207446,-0.1839468
-0.6967127,2.267309,12.577041,0.25381452,-0.30550897,0.100716405
-0.15562311,3.2968156,14.114119,0.20066923,0.50083315,0.9834167
-0.5291186,1.2808979,12.526763,-0.37965274,0.14775303,0.1465313
-1.6304513,-0.2633622,9.44303,-0.016187929,0.71341425,0.55520016
-1.6591818,0.47165772,7.949049,0.48838675,0.7073056,0.98402756
-0.12928689,1.673547,6.467038,0.73273283,-0.5950591,0.6853145
0.12449849,2.183512,6.292261,0.15118915,-0.6738607,0.24182628
0.031124622,1.7669208,7.2930374,-0.569021,0.48861584,-0.09476047
-1.103727,1.316811,7.451055,-0.7180721,0.44280094,-0.10881037
-1.3958195,0.79248077,10.161291,-0.37415496,-0.5083162,0.01947133
0.2633622,1.1228806,11.530775,-0.05467244,-0.26519188,0.09521862
0.6703765,1.8555063,13.04391,-1.0167851,-0.11064297,-0.18150334
0.33279404,-0.33039984,15.78557,-1.2519683,-0.44356453,-1.130788
-0.5363012,-1.5682021,10.149321,0.44990227,0.14347698,0.17707457
0.92416185,1.448492,6.4335194,1.2812898,0.27175868,0.71707946
0.62009823,2.56419,6.024111,1.4963144,-0.5101488,-0.78015125
-0.56982,1.4700398,5.626673,0.48838675,-0.3244458,-1.2340242
-0.7038953,1.7286136,8.193257,-0.92271197,-0.18883371,-0.43745586
-0.19393034,2.3463178,11.027992,-0.6270532,0.34811684,-0.37087157
-1.5682021,1.9608512,10.750265,-0.013744468,0.60223675,-0.09292787
-1.0582372,1.9249382,13.285725,0.1731803,-0.3635412,0.40431643
0.9504981,3.0933087,14.006379,0.57818395,-0.30734158,0.92721707
0.17717093,1.6304513,13.268965,0.5335908,-0.9713521,0.29802588
-0.36391866,0.5602432,7.206846,0.56779927,1.5576301,0.6847036
-1.6376339,1.3982137,5.7511716,-0.09865474,0.14714217,0.7561748
0.5243302,1.8674773,8.408735,0.3118467,-1.4808137,0.383547
1.2114661,1.6759412,9.2107935,0.7309003,-0.6341545,-7.64E-05
1.0462662,1.7741034,7.237971,0.29840767,0.3658319,0.22960897
1.1324574,2.7365725,6.526893,-0.44623706,0.19540052,0.22899811
1.091756,2.3654714,8.980949,-0.7089091,-0.28473955,-0.44906232
1.1707647,1.2018893,12.340014,-0.46517387,0.064064495,-0.33360878
1.1324574,1.9895816,12.258612,-0.5152648,-0.29817858,-0.31345022
1.7788919,1.3359646,13.793295,-0.54092115,-1.670182,-0.74655366
1.9057846,-0.3854665,11.684004,0.23854288,0.2674826,-0.3244458
1.0773908,1.7956513,5.9834094,0.43035457,1.6089427,0.76778126
0.90500826,3.3207579,6.244377,-0.269697,0.08788824,-0.10881037
0.33997664,1.3814543,8.801385,-0.027794369,0.02313652,-0.80030984
-0.11492168,1.6304513,7.8868,0.08155051,0.4489096,-0.2083814
-0.021547815,2.303222,8.614637,-0.11209377,0.76472694,0.09949467
-0.545878,3.098097,9.122208,-0.16157386,0.9345475,0.19723311
-0.7445967,2.516306,12.900258,-0.067500606,-0.35254562,0.24915667
1.757344,3.6535518,14.20031,0.58246,0.21128301,0.9522626
0.92655605,2.4492683,13.743017,0.14935656,-0.8168032,-0.27924177
0.51475334,-0.1412579,9.677663,0.68936145,0.8447503,0.1428661
-0.48362875,1.0749966,5.662586,0.43951756,0.5490915,0.46906814
1.2473791,1.3575124,6.8979945,0.36865717,-0.9395871,-0.18883371
0.79966336,0.61291564,7.678504,0.40530908,-0.2401464,-0.5602398
0.21308395,0.94092125,6.1414266,-0.3643811,0.026801713,-0.49243376
0.92655605,1.3359646,8.121431,-0.78038037,-0.34643695,-0.9029352
1.3910311,0.89064306,10.697593,-0.52870387,-0.48143816,-1.1497247
1.7884687,0.9600749,11.341633,-0.3943135,0.36094502,-1.0422125
1.6304513,1.9512744,12.083836,-0.81581056,0.010308351,-1.8986455
2.882619,-1.0941502,15.275605,-0.37843102,-0.8253553,-3.1509192
1.6328455,-2.2744915,12.043134,0.23304509,-0.033673946,-1.9340757
2.7246015,1.2401965,9.2107935,0.43585235,-0.30795243,-1.7715856
2.7485435,0.48362875,7.9179244,0.30818152,-0.21693352,-2.9780445
1.3694834,0.20829555,7.6617446,0.08277224,0.14469871,-2.785011
1.400608,1.70946,8.166922,0.18784106,-0.0397826,-2.74897
-0.14844051,0.6967127,8.581119,0.3118467,0.21983513,-2.5443301
-1.1563994,1.5011644,7.1493855,0.14263703,0.5460372,-1.9200258
-1.6879122,2.1739352,8.3752165,0.16462818,-0.12835807,-1.7074447
-1.1085154,2.492364,9.897929,0.31795537,-0.29817858,-1.3922383
-1.3359646,3.5649664,12.150873,0.17440203,-0.37759107,-0.75082976
0.49799395,3.9600096,13.204322,0.35094208,-0.7202865,-0.74594283
0.93373865,0.32800564,13.869909,0.9691377,-0.5828418,-0.72822773
0.7757214,3.0334535,9.282619,1.0283916,0.40737075,-0.1399645
1.2186487,2.56419,9.878776,0.70096785,-1.4166728,-1.234635
1.6783354,1.5059528,10.276213,0.7101309,-0.7538841,-1.5980998
0.80445176,0.62967503,7.1757216,0.40408736,0.2485458,-1.3757449
1.0390835,1.5442601,4.781221,0.08582657,0.19601138,-1.0593166
0.7206547,1.9608512,4.2999864,-0.2666427,-0.49548808,-1.4130076
0.24899697,1.1540052,6.716035,-0.7113526,-1.0813079,-1.642693
0.23702596,1.4652514,9.364022,-0.88239485,-1.0080041,-1.2786173
0.39025488,0.8882488,12.66802,-1.1010846,-0.8656724,-1.4417183
0.23942018,1.9871874,13.077429,-1.2922854,-0.86811584,-1.4380531
1.6017209,1.271321,16.408062,-0.77488256,-2.4062746,-2.3512967
1.0606314,-0.2681506,11.842021,0.45478916,0.015806139,-1.5516741
1.5490485,1.3838485,6.5939307,0.12675454,0.94554305,-1.2541827
1.0534488,1.7142484,6.818986,-0.49327368,0.22777638,-2.0452533
0.62249243,1.0462662,7.84131,-0.30818152,0.16241379,-2.1289418
-0.90979666,1.292869,8.253113,-0.07849618,0.30535626,-1.3983469
-0.8475474,1.4939818,10.101437,0.2134974,0.10377073,-0.9878455
-1.1468226,1.5370775,10.934618,0.20005837,0.5228243,-0.24930938
-1.3311762,1.99437,12.356774,0.15790866,0.046960264,0.065897085
0.25857377,2.3415294,13.532328,0.6398814,0.11476631,0.60651284
-0.557849,2.018312,12.593801,0.19028452,-1.2786173,-0.08559749
0.5602432,-0.050278235,11.765407,0.7693848,0.32307136,0.2680935
-0.47405192,1.3431472,6.8141975,0.5360342,0.8484155,0.4977788
0.7541735,1.8100165,6.742371,0.2134974,-0.60422206,0.075670935
1.3599066,1.9153614,7.606678,0.48899764,-0.5248096,-0.33605224
0.6751649,1.721431,6.7591305,0.3491095,-0.08315403,-0.40569088
0.5506664,1.9991584,7.5635824,-0.026572637,-0.39897135,-0.31467196
0.45968673,2.1308396,9.421483,0.10415252,-0.48571423,-0.5590181
-0.18195933,1.520318,10.743082,0.0571159,0.14042264,-0.26152667
0.92895025,2.7461493,10.594642,-0.5897904,-0.040393464,-0.10209085
1.6783354,3.289633,11.911452,-0.52320606,-0.45517096,-0.4881577
1.2449849,2.1499932,11.49965,-0.27214047,-0.40324742,-1.238911
0.40701428,0.81402856,9.399935,0.21899518,-0.1662317,-0.54008126
0.63206923,2.3295584,7.166145,0.3998113,0.5820782,-0.08865182
-0.24899697,2.4708161,7.036858,-0.16829337,-0.15645786,-0.69829535
-1.1085154,2.0135236,7.817368,-0.27397305,0.44829872,-0.4356233
-1.271321,2.3942018,8.578724,-0.32284227,0.46173778,-0.088040955
-1.6256629,2.4013844,10.161291,-0.2874121,0.54848063,0.33773214
-1.0845734,2.834735,11.631331,-0.33200526,0.5216026,0.67431885
-0.3854665,3.1435869,12.715904,-0.010079277,0.6138432,0.5778022
-1.1372458,2.906561,11.913847,-0.38453966,-0.83696175,0.17340937
1.70946,0.4381389,13.865121,0.28985557,-0.93042415,0.16607898
-0.1412579,1.3120226,8.028057,0.4120286,1.0102948,0.7164686
0.61530983,1.9201498,7.6234374,0.32711834,-0.43745586,0.5387068
0.39504328,1.7429788,7.644985,0.7724391,-0.3103959,0.12270755
-0.074220255,2.4301147,5.8397574,0.086437434,0.43241623,0.21067216
-0.32321724,2.492364,7.240365,-0.6270532,0.18501581,-0.048945576
-0.08140286,2.1499932,8.873211,-0.5366451,0.097662084,-0.4179082
-0.24660277,1.3503298,11.013627,-0.16707164,-0.3751476,-0.5724571
0.22984336,1.6903064,11.051934,-0.2415972,0.2955824,-0.015347989
-0.23463176,1.9919758,11.626543,-0.768163,-1.0684797,-0.21998784
1.5442601,0.035913024,10.685621,9.16E-04,-1.3452016,-0.076434515
2.0566192,1.769315,10.089465,0.89644474,-1.0703123,0.5063309
2.3080103,3.5290532,6.728006,0.45478916,0.6792058,-0.051999904
0.7541735,2.9831753,6.8525047,-0.63499445,-0.12835807,-0.91209817
0.32800564,2.0590134,8.585907,-0.49754974,0.28031078,-1.0080041
-0.49559975,2.0494366,8.722376,-0.18906279,0.47823113,-0.5443573
-1.0342951,2.753332,9.732729,-0.24098633,0.7219664,-0.14546229
-2.054225,2.0638018,12.531551,-0.30573806,0.56863916,0.39271
-0.4285621,2.6551697,14.011168,0.20922135,0.2045635,0.87285006
0.110133275,1.3575124,13.996802,0.59956425,-2.00066,0.13675746
1.6663644,1.115698,10.817303,1.280679,0.05062546,0.66210157
1.3263878,2.0614076,7.740753,0.8744536,0.60223675,0.6156758
0.85473,1.4700398,6.5580177,-0.0290161,-0.30673072,0.20883955
1.2641385,1.1707647,7.2930374,0.019242255,-0.16012305,0.28764117
1.1372458,1.7501614,5.9474964,0.15363261,0.08788824,0.18379408
1.3742718,2.5139117,6.4359136,-0.12064589,-0.40385827,-0.08865182
1.4269443,2.5474305,8.289025,-0.3051272,-0.5064837,-0.39041924
2.2290018,1.8219875,11.008839,-0.5500842,0.011530082,-0.4160756
1.5801731,1.9369092,11.796531,-0.8707884,0.6138432,-0.3562108
1.7022774,1.7310078,11.571476,-0.63071835,-0.022067508,-0.3207806
1.6232687,2.2744915,11.966519,-0.46211955,-0.8461247,-0.83818346
1.661576,1.0079589,10.846033,0.0290161,-0.5962808,-0.73311466
1.8914193,2.0254946,7.723994,0.22449298,0.87407184,-0.1399645
0.3854665,2.291251,6.1294556,-0.32528573,0.5936847,-0.7013497
0.19632454,1.5298948,8.028057,-0.2507602,0.017638734,-0.8320748
-0.557849,1.3455414,8.664915,0.013133603,0.58818686,-0.50281847
-0.9720459,1.7142484,9.5052805,-0.15241088,0.54786974,-0.1277472
-1.4891934,1.6567876,11.695974,-0.027794369,0.71035993,0.22716552
-2.0446482,1.7166426,11.971308,0.18478674,0.6089563,0.60223675
-0.1388637,2.942474,12.821249,0.28191432,-0.16745344,0.94554305
-0.16759412,1.3144168,13.563452,0.23548855,-0.55413115,0.1306488
-1.0869676,0.076614454,9.074324,0.31306845,0.9565386,0.9033933
-1.0295067,1.8219875,7.5420346,0.036957346,0.23571762,1.07749
-0.4429273,1.2282255,7.975385,0.4896085,-0.33299792,0.5839108
-0.074220255,1.2976574,7.1038957,0.6404922,-0.46616653,0.42875105
0.6584055,2.3175871,6.8979945,0.30207285,-0.34277177,0.5625305
1.5873557,3.347094,6.962638,-0.1414153,0.08361218,0.14897476
1.2330139,3.4739866,9.124602,-0.5018258,-0.5052619,-0.44173193
1.448492,1.7190368,12.510003,-0.25442538,0.32612568,-0.8296314
0.30166942,1.9009962,10.482115,-0.926988,0.8801805,-0.22059871
0.81642276,1.4580688,14.863803,-0.98807454,-1.2914455,-0.7514406
0.9576807,-0.62009823,12.177209,0.5458081,0.1642464,-0.49609894
0.58657944,1.5442601,6.440702,0.6966918,0.58329993,0.059788436
0.81163436,2.6886885,4.783615,-0.12492194,-0.046502117,-0.53641605
0.320823,1.6831238,6.9099655,-0.59773165,-0.8571203,-1.1381183
-0.01436521,1.3838485,7.343316,-0.50976706,-0.337274,-0.9487501
-1.2617443,1.532289,8.087913,-0.63255095,0.09827295,-0.32750013
-2.0805612,1.5275006,11.176433,-0.1328632,0.08972083,0.41225767
-1.6472107,1.8770541,12.90744,0.58246,0.19906572,0.17524196
-0.8331822,2.9735985,13.951313,0.1994475,0.53443074,0.73235106
0.82599956,2.2625206,15.122376,-0.106595986,0.4098142,0.44219008
0.110133275,0.20590134,13.513174,0.50976706,0.6474408,0.28764117
-0.49799395,0.51954174,8.121431,0.6032294,1.0738248,0.555811
-0.48841715,0.7637503,6.742371,0.22021692,0.18012889,0.41409028
-0.05267244,0.5530606,6.8764467,0.36987892,-0.10086913,0.32979086
-0.6751649,0.47884035,6.1988873,0.42485678,-0.064828075,0.69264483
1.472434,1.5275006,5.7392006,0.46700647,0.026190847,0.8276461
0.5770026,2.743755,6.65618,0.1133155,-0.4441754,0.15630515
0.093373865,2.219425,10.072706,-0.45845437,-1.1326206,-0.6194937
0.48123455,1.5682021,12.842797,-0.6569856,-0.124692865,-0.010461068
0.7781156,3.2824504,12.66802,-0.8170323,-0.53580517,-0.3488804
0.25857377,1.8004397,13.977649,-0.49388456,-0.9322567,-1.022054
-0.2657564,0.89543146,11.818079,0.14263703,-0.08315403,-0.3299436
0.79008657,2.243367,8.609849,0.45173484,0.32856914,0.24060455
0.50517654,2.6671407,6.241983,0.26542094,0.89239776,-0.18455766
-0.91219085,1.982399,6.5292873,-0.124311075,0.35972327,-0.4863251
-1.0702082,2.2266076,8.107066,0.21838433,0.17218764,-0.36293033
-1.316811,2.2457612,9.440637,0.42180246,0.028023442,-0.3000112
-1.4891934,2.5210943,9.71597,0.09560041,0.664545,0.0066431593
-1.6998832,2.1164744,11.772589,-0.15424347,0.6682102,0.31390837
-0.45010993,3.145981,10.664074,0.043676864,0.6969209,0.33589953
-0.581791,1.0462662,15.2253275,-0.12492194,-1.5767195,-0.32200235
-0.557849,0.8403648,9.112631,0.59040123,1.0347294,0.7610617
-0.30166942,1.7860745,6.562806,-0.035124753,0.26137397,0.7244098
0.2873042,1.4820108,7.4319015,-0.118202426,-0.3122285,0.32856914
-0.09816227,0.9840169,7.791032,0.18173242,-0.155847,0.4366923
-0.16280572,2.3319526,5.7870846,0.09865474,0.08972083,0.37010798
0.050278235,2.4133554,7.9418664,-0.3998113,-0.4649448,-0.054443367
0.05746084,1.6136919,10.666468,-0.42730024,-0.23953554,-0.23281601
0.06943185,1.9273324,10.97532,-0.5549711,0.38171443,-0.15645786
0.90021986,2.066196,10.984897,-1.0442741,-0.35865426,-0.36170858
0.3854665,-0.2873042,15.115194,-0.59528816,-1.4771485,-0.8827766
0.51954174,-0.021547815,10.819696,0.13469578,0.6150649,0.28641945
1.4939818,1.9393034,8.12622,0.22388211,0.54786974,0.3010802
0.49559975,2.207454,6.368876,-0.12492194,0.6107889,-0.34826955
-0.5386954,1.1563994,7.0536175,-0.4474588,0.283976,-0.7288386
-1.7142484,0.7517793,7.829339,-0.4034765,0.08361218,-0.6329327
-1.7022774,0.9911995,10.137349,0.10720685,0.11293371,-0.022678372
-2.2936451,1.2641385,10.58746,0.15851954,0.33528867,0.27420214
-1.3000516,1.5514427,13.671191,0.16340645,-0.609109,0.7580074
1.0965444,2.6886885,15.881338,0.7333437,0.06956228,0.7757225
-1.5897499,0.009576807,13.051093,0.1432479,-0.12408201,0.40248385
0.35434186,0.2801216,10.036793,0.31490102,0.6840927,1.0102948
0.30166942,1.1204864,6.083966,0.46700647,0.3016911,0.41347942
0.40701428,0.6895301,6.088754,0.09315695,-0.48571423,-0.07582365
0.088585466,0.36870706,7.2571244,0.0070249503,-0.3311653,-0.022678372
0.8834604,1.3120226,6.950667,0.079107046,0.338343,0.006032294
0.22744916,1.5059528,7.616255,-0.07727446,-0.01779145,-0.3647629
0.16519992,0.6943185,10.582671,-0.18967366,-0.56634843,-0.51564664
0.39983168,1.1563994,10.321703,-0.5018258,0.5057201,-0.36109772
0.5315128,1.8195933,12.184392,-0.9502009,-1.0495429,-0.62071544
0.33997664,-0.2705448,15.459959,-0.24953845,-1.4966962,-0.7966446
0.40462008,0.7565677,9.7447,0.20616703,1.1318569,0.34567338
0.92416185,2.2697031,6.6992755,0.13836098,0.95898205,0.28153253
0.01436521,2.566584,6.8357453,0.049785517,0.33712125,-0.7074583
-0.7637503,1.1803415,8.236353,-0.025961773,-0.24686591,-1.0226648
-0.94570965,1.1109096,8.899547,-0.102319926,0.48311806,-0.36781722
-1.0271125,1.6376339,9.2347355,-0.05100725,0.6792058,-0.17539468
-2.1308396,1.1133038,10.762236,0.016187929,0.274813,-0.035506543
-1.2401965,0.9552865,11.245865,0.06994407,-0.44906232,0.383547
-0.18435353,1.6065093,14.281713,-0.52381694,-1.384297,-0.15829046
1.1420342,-2.2864625,13.098977,0.39003745,-0.1857794,0.596739
-1.0654198,0.50278234,7.331345,0.18295415,1.4452308,0.94554305
-0.4333505,0.93134445,6.9243307,-0.12064589,-0.063606344,0.7360163
0.22266077,0.7206547,8.636185,0.27580565,-0.3048981,0.3487277
-0.50038815,1.0510546,6.6992755,0.3173445,0.62178445,0.31940615
-0.18674773,1.2641385,7.1733274,0.019242255,-0.27435485,0.20395264
-0.08140286,1.4053963,8.727164,-0.0888809,-0.17478381,-0.14790575
0.05746084,0.7206547,10.8747635,-0.18967366,-0.15951219,0.05551238
-0.076614454,1.4221559,11.107001,-0.19822577,0.16913332,0.69447744
2.243367,3.0813377,12.351986,0.9257663,-1.9756145,-0.337274
1.9177556,-0.093373865,10.937013,-0.34605515,-0.85834205,-0.7025714
1.8339585,0.9840169,11.245865,-0.8237518,0.5808565,0.0622319
1.5753847,1.2282255,8.174104,-0.07849618,1.4067463,-0.44295365
-0.088585466,0.9648633,6.833351,0.11148291,0.35300374,-0.87178105
-0.16998832,0.830788,7.4175363,0.03268129,0.23938282,-0.8864418
-1.3862427,0.59136784,8.387188,-0.26236662,0.13736832,-0.7770969
-1.9919758,0.16998832,10.510845,-0.36743546,0.9198867,-0.06299548
-3.6631286,0.6464345,11.765407,-0.40225476,0.8807913,0.4208098
-2.2888567,1.0103531,14.418182,0.28680122,-0.36109772,1.1788936
-0.9576807,2.3558946,11.779772,0.116980694,0.12698361,0.12515102
-0.6823475,-1.42455,12.94096,-0.23487769,-1.1087968,0.26320657
-0.06703765,0.33279404,9.155726,0.6197228,1.0793226,0.96081465
-0.20350714,0.91937345,6.4359136,0.6038403,0.22594379,0.62178445
0.2801216,1.0941502,6.4933743,0.37598756,-0.24686591,0.35117117
-0.37828386,1.0055647,6.134244,0.3191771,-0.08620836,0.18990274
-0.2777274,1.4915876,6.6489973,0.24831672,-0.704404,0.05245805
0.19153613,1.472434,8.461408,0.13775012,-0.85773116,-0.29817858
-0.2705448,0.5674258,9.804555,-0.21899518,-0.84001607,-0.18883371
2.504335,1.8890251,10.7550535,-0.6337727,-0.7887034,-0.08498663
0.79008657,2.1164744,13.446136,-0.35277468,-1.1417835,-0.63965225
1.2282255,1.9680338,12.270583,-0.35155296,-0.20044015,-0.78625995
1.7166426,0.9744401,12.617743,0.06505715,-0.8943831,-0.6665303
1.5873557,1.4891934,8.595484,0.58551437,1.0591639,-0.33605224
0.095768064,2.042254,5.7846904,0.18417588,0.72929674,-0.3751476
0.39025488,2.1260512,7.427113,0.18295415,-0.2755766,-0.5932265
0.25857377,2.3822308,8.068759,0.09987647,0.37866008,-0.4667774
0.04309563,2.9759927,9.768642,0.06078109,0.15325081,-0.28107437
-0.9624691,2.3822308,10.692804,0.03573562,-0.047112983,-0.31711543
-1.2210429,1.4460979,13.019968,0.2941316,0.3151301,0.35056028
-1.0366893,2.4133554,9.929053,-0.086437434,1.4702762,0.51427215
-1.1851299,0.8355764,13.345579,-0.66920286,-0.8693376,0.039629884
-0.6895301,-0.20350714,10.017639,0.52503866,0.6303366,0.6333909
-0.14844051,1.4149733,7.142203,0.10781772,0.2167808,0.85635674
0.36152446,1.6065093,7.3504987,-0.01740966,0.053068917,0.71402514
0.4333505,1.9488802,7.2475476,0.043676864,0.11720977,0.55520016
0.31603462,2.4372973,8.2315645,0.22632557,-0.19188805,0.39881864
0.6991069,2.6240451,9.103054,0.15607607,-0.14790575,0.3169627
0.9911995,2.8491,10.61619,0.160963,-0.26030496,0.08055785
1.0079589,1.8435353,11.11179,0.17562376,0.36033413,-0.030008756
1.7118542,2.348712,11.482891,0.05100725,-0.3946953,0.08361218
1.6041151,2.0590134,11.174039,-0.21960606,-0.51320314,-0.72578424
0.81402856,1.3958195,9.850045,-0.44623706,0.08972083,-0.22059871
0.7326257,2.791639,7.3457103,-0.17562376,0.85757846,-0.155847
-0.6464345,3.098097,6.5053453,-0.5177083,-0.13507758,-0.686078
-0.78769237,2.0254946,8.624214,-0.11881329,-0.091095276,-0.7416668
-1.6136919,1.9656396,8.782231,-0.26419923,0.18379408,-0.2120466
-1.1683705,2.731784,10.326491,-0.10415252,0.42569673,0.12270755
-1.9129672,2.3439236,11.439795,0.17867808,0.29985848,0.22105686
-0.5386954,2.372654,12.430994,0.10415252,0.14164437,0.6663776
-0.5722142,2.030283,13.690345,-0.22571471,-1.2450197,-0.042836927
0.14844051,-0.533907,13.177985,0.5708536,0.21067216,0.32368222
-1.2449849,1.4149733,7.6138606,0.08399397,1.5814538,1.0945941
-1.0821792,1.7980455,7.1517797,-0.12797627,0.26870435,0.8148179
-0.37588966,1.3551182,8.004115,0.5684101,-0.5785657,0.24610233
-0.59615624,1.091756,6.9913683,0.9025534,-0.30978504,0.5625305
0.39264908,2.5115175,6.0193224,0.3051272,-0.3403283,0.48372892
0.6464345,2.597709,9.045593,-0.27580565,-0.5199227,-0.072158456
0.62249243,1.9416976,10.518027,-0.2452624,-0.18639025,-0.050167307
0.5722142,2.707842,9.275436,-0.96669424,0.6755406,-0.08559749
1.3742718,3.0262709,12.126931,-1.2983941,0.018860465,-0.48388162
-0.82360536,0.90021986,12.869133,-0.72601336,0.0622319,-1.3787992
-0.9959879,-0.20350714,11.054329,0.14019357,0.2008983,-0.13629931
0.045489833,1.934515,7.379229,0.61361414,0.7244098,0.104992464
-0.9504981,1.5801731,6.268319,0.0852157,-0.16928603,-0.41179952
-0.8714894,1.151611,7.664139,0.054061573,0.1428661,-0.26946792
-1.8411411,1.7477672,7.0177045,-0.52687126,0.27175868,-0.16745344
-2.0518308,1.1252748,11.006445,-0.92087936,0.19601138,0.039629884
-2.6527755,0.9840169,11.928212,-0.36987892,1.1953869,0.39148825
-1.9512744,1.508347,12.610559,0.18478674,0.16363552,0.69447744
-1.7764976,3.095703,11.566688,0.20189096,-0.14057536,0.33040175
-0.545878,-0.6967127,13.379098,0.42363504,-0.9432523,0.26687175
-1.0223241,0.9672575,9.38557,0.84574294,0.56741744,0.6651559
0.23223756,1.4867992,7.6713214,0.75533485,-0.5706245,0.37010798
0.36631286,1.1540052,7.427113,0.4578435,-0.34521523,-0.08620836
-0.2896984,1.0606314,5.918766,0.16890424,0.31635183,0.18929186
-0.3854665,2.0685902,5.6769514,-0.06261369,-0.1521818,0.04757113
0.011971008,2.3104045,7.43669,-0.19333886,-0.7025714,-0.18089247
-0.4429273,1.0342951,11.202769,-0.17745635,-0.68913233,-0.3635412
0.06943185,1.3072342,11.087848,-0.73823065,0.5771913,-0.12835807
0.545878,1.3718776,13.0319395,-0.69913524,-0.9872346,-0.5810092
0.39983168,0.37828386,13.7645645,-0.5335908,-1.1540008,-0.68241286
0.49081135,1.0462662,10.865187,0.01740966,0.22105686,0.36338845
1.472434,3.3375173,7.4821796,0.4297437,0.41103595,0.087277375
0.61770403,2.858677,6.658574,0.122478485,-0.007406741,-0.89927
-0.46208093,1.4867992,7.8006086,0.026572637,0.22533292,-0.9896781
-1.4053963,1.745373,8.334516,0.055283304,0.501444,-0.4649448
-1.7381904,1.8363527,10.029611,0.15790866,0.3945426,-0.24136813
-2.566584,1.5442601,11.724705,0.21899518,0.42203152,0.38843393
-1.3431472,2.0470424,12.677597,0.2098322,0.36216673,0.76655954
-1.2808979,1.2737153,13.070247,-0.42913285,-1.175992,0.49044845
0.22026655,-0.51475334,11.430218,0.12858713,-0.044058654,1.1391873
-0.50038815,2.0590134,7.0775595,-0.10781772,0.04268421,1.0402272
0.5770026,2.0087352,8.025663,0.011911872,-0.5920048,0.51854825
0.021547815,1.5346833,8.145373,0.23609942,-0.21143574,0.13675746
-0.08619126,1.496376,8.202834,0.37720928,-0.25297457,0.32856914
0.59855044,2.303222,7.7311764,0.30207285,0.007254025,0.18440494
0.25617957,2.3582888,8.341698,0.055283304,-0.11552989,-0.091095276
0.4213795,1.7621324,10.6042185,0.036957346,-0.08498663,-0.17967074
1.1755531,1.7717092,10.269031,-0.21166481,0.36155587,-0.20349449
1.7669208,2.5689783,11.205163,-0.6160576,-0.8064185,-0.5626832
1.0845734,1.0462662,13.857939,-0.48899764,-1.1949288,-1.3354278
0.05746084,0.4165911,9.474155,0.15118915,0.71341425,-0.17111863
0.78769237,2.765303,7.1134725,0.34483343,0.23388503,-0.10025826
0.6512229,2.3535004,8.145373,0.30879238,-0.3806454,-1.0183887
0.25139117,1.4101849,8.322544,0.3839288,0.13553573,-1.0312169
-0.7182605,1.7717092,7.424719,-0.07727446,0.7457901,-0.51870096
-1.2880806,2.2529438,8.111855,-0.35338554,0.8313112,-0.17172949
-2.087744,2.5833437,10.201993,-0.160963,0.29741502,0.07506007
-1.436521,2.1140802,13.003209,0.25259277,-0.075212784,0.39759693
-1.436521,2.822764,10.671256,-0.44990227,0.85452414,0.34017557
-1.0319009,-0.17477672,14.923657,-0.58001655,-1.1790463,0.27542385
-0.6799533,0.8451532,9.172486,0.61422503,1.0432814,1.181948
-0.25857377,1.8579005,6.431125,0.32467487,-0.14912748,0.9907471
0.36391866,1.8818425,7.829339,0.33261612,-0.5645158,0.6547712
-0.23463176,1.5035586,7.307403,0.5122105,-0.02695443,0.55031323
0.21068975,2.5594015,6.562806,0.1994475,-0.28351784,0.53381985
0.49559975,3.0621839,7.5994954,0.03940081,-0.328111,0.021914791
-0.25378537,2.078167,9.433454,-0.18478674,-0.48571423,-0.13507758
0.31124622,2.0087352,11.104607,-3.05E-04,0.47639853,0.19601138
-0.5722142,2.6767175,11.401487,-0.4083634,-0.22304218,-0.05933029
0.23942018,0.50996494,14.116512,-0.7840455,-0.49365547,-0.32566753
-1.4269443,-1.448492,12.186786,-0.38331795,1.0487792,0.71035993
-1.745373,-0.22744916,8.9187,0.19761491,0.37071884,1.8416823
-0.1412579,0.8619126,9.033623,0.7693848,-0.41118866,1.7757089
-0.6655881,-0.30166942,9.239524,0.68203104,0.36155587,1.8129717
-0.90261406,-0.20111294,8.08073,0.17256944,1.1929435,2.2802837
-0.94092125,-0.5674258,8.511686,0.105374254,0.7268533,2.4702628
-0.50757074,-1.6017209,9.771036,0.50976706,0.6052911,2.9070313
-0.19153613,-1.6783354,10.74787,1.0057896,0.51793736,3.297985
-0.24181437,0.16519992,9.201217,0.38331795,1.5692364,3.3205872
-0.51475334,0.6536171,12.6895685,-0.81153446,0.07261661,2.9974394
0.4165911,0.3184288,15.59164,0.27458394,0.2729804,2.9271898
-0.22266077,0.91219085,11.0974245,0.26236662,1.4977652,2.7152197
-0.79008657,0.8475474,7.5779476,-0.59406644,2.042046,2.7567585
-1.283292,1.316811,7.774272,-0.5195409,0.8453611,2.5441773
-0.89064306,1.2258313,8.686463,0.18478674,0.17096591,2.3028855
-0.06703765,2.1906946,9.45979,0.041233405,-0.43256894,1.9485837
0.1436521,2.2122424,9.71597,-0.05100725,0.49533537,1.7017943
-0.22984336,2.885013,7.8484926,-0.39064834,0.69753176,1.5454127
0.260968,3.0262709,8.581119,-0.355829,0.34994942,1.0603857
-0.3854665,1.9608512,9.378387,-0.28619036,0.20639609,0.81542873
0.33518824,1.9656396,11.786954,0.2415972,0.2570979,1.0744356
0.830788,2.5210943,9.306561,0.22082779,0.76472694,0.55336756
0.29927522,1.685518,10.637737,-0.799928,-0.8143597,-0.5828418
-0.12928689,-2.0566192,13.920188,-0.49877146,-0.65797824,-0.49793154
-0.15322891,-1.1923125,10.575488,-0.25503623,0.37377316,1.2955688
2.123657,1.0175357,8.873211,0.36377025,0.34384078,1.6859118
1.4030021,2.6910827,5.5356936,0.31795537,0.4311945,0.81542873
0.7493851,2.801216,7.034464,-0.2648101,-0.12347114,0.11476631
-0.15083471,2.4301147,10.125379,0.07238753,-0.3543782,0.12820534
-0.9744401,2.3798366,10.891522,0.6221663,0.22411118,0.4806746
-0.9840169,2.767697,11.822867,0.5036584,0.021303926,0.7360163
-0.38307226,2.4971523,11.509227,0.38087448,0.5063309,0.65660375
-0.78050977,1.9847932,11.066299,-0.1414153,0.9113346,0.66210157
-1.2497733,0.090979666,13.924976,-0.05100725,-0.14118622,0.83253294
-0.62009823,0.7182605,10.465355,0.48166725,0.8080984,1.3871986
-0.22266077,1.1683705,7.2595186,0.10720685,0.51732653,1.2167672
0.2801216,1.1851299,6.2348003,-0.31123585,0.35789067,1.0463358
0.20111294,1.2641385,6.7806783,-0.034513887,-0.5962808,0.7543422
0.6991069,1.8171991,7.9059534,-0.06383542,0.035353824,0.5387068
0.5530606,1.8986019,8.097489,-0.18234327,-0.08437576,0.24793494
0.2825158,0.4357447,10.185233,-0.441961,-0.5724571,-0.3843106
0.6799533,-0.35194764,11.770195,-0.5885687,0.12454015,-0.07948884
0.5793968,0.89543146,10.362404,-0.840856,0.6865362,0.11720977
0.9696517,0.44532153,13.508386,-1.0161743,-1.7685312,-1.4233924
0.80924016,-2.2864625,12.90744,0.10048734,0.21616994,-0.4985424
0.6799533,0.92416185,7.4654202,0.3222314,1.9137645,0.7922159
0.007182605,2.0087352,6.572383,0.011301007,0.34628424,-0.36903897
-0.8714894,0.050278235,7.609072,-0.020463986,-0.07154759,-0.9927324
-1.7908629,-0.37110126,8.212411,-0.13103059,0.33040175,-0.46799913
-1.4173675,0.47405192,8.784625,-0.22876903,0.5051092,0.08422305
-2.0614076,1.0295067,9.696816,-0.2275473,0.60834545,0.15874861
-2.3439236,0.60573304,11.956943,0.030848695,0.07689266,0.4715116
-0.3854665,2.0494366,14.667179,0.44501534,-0.53641605,0.72563154
0.45489833,0.6991069,16.800713,0.023518313,-1.6433039,-0.15523612
0.78769237,-1.4460979,13.218687,1.0913107,0.705473,0.86613053
-0.023942016,1.3455414,6.289867,0.7883216,1.5539649,1.0518336
0.32800564,1.9297266,6.194099,0.34055737,-0.45944703,0.17035505
0.19153613,0.58657944,7.970597,0.7284568,-0.704404,-0.6738607
-0.5554548,-0.25378537,6.08636,0.84940815,0.11476631,-0.3366631
0.1316811,1.292869,4.9658737,0.026572637,-0.22548564,0.028023442
0.5793968,1.3814543,7.628226,-0.28313604,-1.0116692,-0.38492146
0.8475474,0.31124622,11.394305,-0.40042216,-0.31283936,-0.32200235
0.79008657,2.0733786,10.486903,-1.0045679,0.1727985,-0.37881282
2.7964275,1.8890251,13.901034,-1.0564915,-1.2737304,-1.5076917
0.93613285,-0.8834604,15.361796,-0.16890424,-0.8271879,-1.5791631
0.08140286,1.7357962,7.0512233,0.2049453,1.2967906,0.42508584
0.62728083,3.6990416,6.467038,-0.12003502,0.23510677,-0.4667774
-0.521936,1.7812861,8.289025,0.082161374,-0.46799913,-1.5516741
-1.6711528,0.24181437,9.124602,0.31490102,0.3132975,-0.8821658
-1.3838485,1.6807296,8.384793,-0.03268129,0.72746414,-0.13019066
-1.8842367,1.8411411,10.304943,-0.06078109,0.4281402,-0.18516853
-2.5929205,0.8714894,12.385505,0.16340645,0.6266714,0.41470113
-0.1340753,2.0757728,12.392687,-0.12492194,-0.24197899,0.673708
-0.24899697,-0.32800564,16.137518,0.2764165,-1.420338,0.22472206
0.5554548,0.36391866,9.007286,0.7431176,1.3865877,1.149572
-0.8810662,1.7645266,5.588366,-0.2098322,0.88689995,1.0206795
-0.22266077,1.4197617,7.5635824,-0.06566802,-0.65614563,0.6456082
-0.011971008,1.316811,7.2978263,0.51893,-0.13507758,0.39576432
-0.20111294,1.42455,6.2371945,0.301462,-0.25114197,0.36155587
0.59855044,1.7166426,7.5420346,-0.16829337,-0.2841287,0.06467536
0.19632454,1.067814,8.913912,-0.76144356,-0.19799669,-0.29145908
1.0199299,0.062249243,11.746253,-1.1566733,-0.14301883,-0.07460192
1.1994951,0.4141969,11.937789,-0.7443393,-0.58772874,-0.23037256
1.0582372,-1.0127473,16.556503,0.4071417,-2.2468388,-0.98234767
-0.5434838,-1.4149733,9.883564,0.990518,1.07749,0.7946593
1.2593501,2.0470424,5.135862,-0.44257188,1.4849371,1.4220179
1.067814,3.1172507,7.688081,-0.9789116,0.28092167,0.09216429
0.22026655,1.4676456,8.928277,0.044898596,0.024358252,-1.1998158
-0.7757214,0.93373865,8.739136,0.74189585,0.16791159,-0.94386315
-0.93373865,1.9369092,8.803779,0.046731193,0.7494553,-0.2841287
-1.4532804,2.1763294,9.974544,-0.6056729,0.96447986,0.07322747
-2.0159178,0.89543146,14.06384,0.13225232,0.013362677,0.49900055
0.035913024,1.9057846,14.252982,1.1603385,0.32123876,1.0267881
-2.6384103,1.6807296,12.759,0.23243423,-0.4826599,-0.05749769
-0.7661445,-0.78290397,11.85878,0.5635232,0.34261903,0.72379893
-0.81881696,0.6919243,6.842928,0.63132924,0.5136613,0.9919688
0.44532153,1.0869676,6.218041,0.3735441,-0.30428725,0.64133215
0.16998832,1.400608,6.854899,0.5403103,-0.210214,0.18318321
0.21068975,1.4269443,5.18614,0.26419923,0.09521862,0.23021984
0.6775591,2.1643584,6.41676,-0.36010507,-0.33910656,-0.09720393
0.1388637,1.7142484,9.960178,-0.4792238,-0.654313,-0.62804586
0.5243302,1.1204864,11.652879,-0.3747658,0.09155343,0.0017562376
0.47405192,2.4181437,10.908282,-0.5012149,-1.0226648,-0.05627596
2.3582888,3.1387985,13.426983,-0.41508293,-0.82046837,-1.1014664
0.39264908,0.079008654,12.510003,-0.59650993,0.35239288,-0.681802
1.2904748,2.135628,8.648156,-0.09437868,0.769003,0.2607631
0.6919243,2.2816741,7.8341274,0.29352075,0.023747386,-1.0086149
0.11252748,1.2425907,8.284237,0.5128214,-0.20227276,-1.2370784
-1.1492168,1.151611,7.702446,0.3191771,0.3047454,-0.59567
-0.90979666,2.066196,8.221988,-0.01740966,0.5277112,-0.10086913
-2.1571758,1.9249382,9.952995,-0.04795292,0.6382778,-0.004352415
-1.6591818,1.6639702,11.985673,0.112704635,0.22044599,0.46906814
-0.059855044,3.3614593,11.02081,-0.0106901415,0.4434118,0.8789587
-0.521936,1.6376339,16.800713,-0.0571159,-1.8705457,-0.58895046
0.08619126,0.56982,10.790966,1.0290025,0.8355873,0.52038085
-0.48123455,2.3080103,6.2850785,0.40591997,0.55886537,0.74517924
0.15562311,2.1906946,6.6250553,0.034513887,-0.1399645,0.3853796
-0.39743748,1.7812861,7.1134725,0.106595986,0.051236324,0.28031078
-0.51714754,2.1428106,6.7375827,0.21655174,-0.10636691,0.38293615
0.6703765,3.2369606,8.12622,0.3210097,-0.32872185,-0.11919508
-0.49799395,2.2529438,9.440637,0.129198,-0.0538325,-0.21754439
0.45729253,3.229778,9.194034,-0.4633413,0.32612568,-0.04589125
0.6392518,3.5194764,11.133337,-1.0821478,-0.52236617,-0.4930446
1.8770541,2.255338,14.763247,-1.1792754,-0.6488153,-1.4154512
-0.2825158,-0.29209262,12.205939,-0.514654,0.94920826,-0.85650945
-0.7541735,1.5490485,7.4534492,-0.12003502,0.9681451,0.33040175
0.074220255,2.6839,7.340922,0.30757064,-0.021456642,-0.39713877
-0.7398083,1.496376,7.3959885,0.36926803,-0.16378824,-0.88827443
-1.946486,1.151611,6.7830725,0.1255328,0.30963233,-0.30428725
-1.5873557,2.0757728,7.276278,-0.25259277,0.19173533,0.031077769
-2.1739352,2.27928,9.20361,-0.36132678,0.3823253,-0.013515393
-2.6264393,1.8650831,11.525987,-0.39675698,0.39881864,0.28580856
-2.384625,2.3080103,12.90744,-0.110872045,0.3664428,0.5124396
-2.1092918,2.1571758,13.012786,-0.16279559,-0.0067958757,0.3328452
-1.970428,-0.9552865,14.870985,0.61361414,-0.56940275,0.6052911
-0.6751649,1.0773908,8.976161,0.9605856,0.7702247,1.2870167
-0.60573304,1.7357962,6.2826843,0.33078352,-0.12224941,0.6633233
0.22505496,1.3982137,6.8716583,0.17745635,-0.24136813,0.1782963
-0.45250413,1.0654198,6.184522,0.17623462,0.00908662,0.11415544
0.320823,2.2026656,5.880459,0.06261369,-0.39225185,0.15386169
0.4261679,2.3056161,7.666533,-0.106595986,-0.6677521,-0.509538
-0.19393034,1.1420342,11.382334,-0.5018258,-0.7783187,-0.42035165
0.08379706,1.8602947,11.039964,-0.5458081,0.3395647,-0.07154759
0.06943185,2.5905263,12.347198,-0.990518,-0.36781722,-0.0055741454
-0.46686932,1.1899183,15.198991,-0.6404922,-1.0544298,-1.053819
-0.9792285,-0.10055647,10.254665,0.1591304,0.20883955,-0.12835807
0.7661445,2.1883004,6.6489973,0.41813725,0.18073976,0.32001704
0.557849,2.492364,6.514922,0.20861048,-0.3122285,-0.7624362
-0.8834604,1.1324574,7.4797854,-0.10842858,0.20945042,-0.8888853
-1.6448165,1.7788919,8.186075,-0.4437936,0.53443074,-0.1540144
-1.9129672,1.9728222,10.666468,-0.22021692,0.28153253,-0.094149604
-2.8179753,1.1085154,12.890681,-0.042455133,0.578413,0.3487277
-1.6543933,1.8531121,13.357551,0.024129177,0.4702899,0.9156107
0.22984336,3.6128504,12.818855,0.21288654,0.5955173,0.9724211
-1.520318,0.44532153,12.811672,0.6093381,-0.39591703,0.29130638
-0.6584055,1.2354081,8.648156,0.9605856,0.17218764,1.0707704
-0.07182605,1.42455,7.8868,0.8561276,-0.47777298,0.48983756
0.5482722,1.460463,6.584354,0.6826419,-0.111253835,0.30535626
0.18914193,1.7310078,5.969044,0.24709499,-0.13446671,0.112322845
0.50278234,2.3008277,5.765537,0.1591304,-0.14729488,0.030466905
0.7230489,2.6384103,7.024887,-0.17989981,-0.85834205,-0.382478
0.36391866,1.721431,11.322479,-0.31978795,-0.80092067,-0.5064837
0.58897364,2.0709844,9.742306,-0.88789266,0.33773214,-0.14607315
0.78050977,2.5019407,11.978491,-1.3362677,-0.83696175,-0.48388162
0.23702596,0.90979666,15.814301,-0.4120286,-1.3531429,-0.73006034
0.93134445,1.7597382,9.356839,0.36682457,0.69020134,0.6162867
1.3718776,3.3877954,5.8397574,0.14080444,0.65721464,0.24549147
0.7278373,3.2202013,6.268319,-0.19517145,-0.110032104,-0.75266236
-0.29688102,2.1140802,8.178892,0.046731193,-0.019624045,-1.1656072
-1.3120226,1.6950948,8.497321,-0.06566802,0.39820778,-0.6854672
-1.5179238,2.27928,9.902718,-0.26297748,0.83986336,-0.28962648
-2.908955,1.6950948,11.885117,-0.2764165,0.48006374,-0.13935363
-2.1787236,1.4580688,13.364733,0.09621128,0.27175868,0.7610617
0.50278234,3.4859576,12.541128,0.09254608,-0.105756044,0.7262424
-0.82360536,-0.16280572,14.578593,0.75411314,-0.58589613,0.45013133
-0.019153614,1.1779473,7.8868,0.9440922,0.84169596,1.3193926
0.019153614,1.8339585,6.038476,0.17684549,0.34567338,0.92599535
0.30885202,1.8722657,6.13185,0.21960606,0.032910366,0.7476227
0.22266077,2.147599,6.4359136,0.30573806,-0.40996695,0.55336756
0.91697925,2.4372973,7.307403,0.42424592,-0.6842454,0.3206279
1.0726024,2.4612393,9.019258,0.0033597588,-0.6286567,-0.2242639
0.7326257,1.2689269,11.327268,-0.42485678,0.18379408,-0.16928603
0.58418524,1.8962077,9.981726,-0.72051555,0.06650795,0.053068917
3.071761,3.3614593,11.250653,-0.3484986,-0.64209574,-0.28718302
1.3623008,1.6089035,13.56824,-0.65087694,-0.63781965,-1.4380531
-0.30406362,1.3000516,8.9402485,-0.51893,1.2570844,0.07200574
0.055066638,2.6791117,6.7830725,-0.29046643,0.8062658,0.2008983
-0.2801216,2.3391352,7.1350203,0.06078109,-0.04466952,-0.3720933
-0.7613561,2.099715,7.656956,0.19150625,0.1202641,-0.25663975
-0.8762778,2.4229321,8.578724,-0.13775012,0.3328452,-0.10758864
-1.4891934,2.480393,9.945813,-0.14935656,0.76778126,0.089109965
-1.5945383,2.4756045,12.102989,-0.082161374,0.26870435,0.25098926
-0.35673606,2.6240451,14.58817,0.26725355,-0.10025826,0.5350416
0.12449849,3.217807,13.0558815,0.17745635,-0.21143574,0.15508342
-0.29927522,0.6584055,11.703157,0.7107417,0.43424883,0.5252678
-0.17477672,1.6567876,7.862858,0.7431176,0.15080735,0.6529386
0.2801216,1.4293385,6.6489973,0.6533204,-0.11980595,0.42508584
0.62009823,1.697489,5.822998,0.35277468,-0.13507758,0.15630515
0.1412579,1.472434,6.050447,0.13530666,-0.28657216,0.0139735425
0.4429273,2.3008277,7.058406,-0.05589417,-0.5077054,-0.10514518
0.2777274,2.0638018,9.081507,-0.30268374,-0.5431356,-0.21571179
0.7182605,1.5610195,10.498874,-0.4334089,-0.09170614,-0.14729488
1.7357962,2.4037786,9.703999,-0.9599747,-0.110032104,-0.047112983
2.6168625,2.7222073,11.016022,-0.6985244,-1.3378712,-0.51870096
1.6998832,1.6400281,14.030321,0.5885687,-2.7110963,-0.727006
2.5234885,2.6360161,8.401553,0.75961095,-0.1295798,0.12942708
1.9919758,3.5577838,6.1893106,-0.65576386,1.0225121,-0.26702446
0.7493851,2.870648,7.048829,-1.4419475,0.86979574,-0.68913233
-0.107739076,2.408567,9.141361,-0.57696223,0.5081635,-0.6879106
-0.3184288,2.5785553,8.686463,0.04917465,0.4873941,-0.26397014
-0.18674773,3.2800562,9.998486,0.13530666,0.44280094,-0.16256651
-1.0654198,3.064578,11.305719,-0.1731803,1.1990521,-0.038560867
-0.5410896,2.6120741,13.1277075,-0.35094208,0.5490915,0.3169627
-0.05267244,2.5953147,13.125313,-0.09193522,0.14592044,0.16485725
-0.2753332,-0.02873042,12.845191,0.3643811,0.14225525,0.26320657
0.01436521,1.3311762,8.887576,0.51159966,0.5038875,1.145296
0.50757074,1.5514427,7.7551184,0.5647449,-0.007406741,0.6547712
0.58418524,1.3814543,7.204452,0.6239988,5.35E-04,0.5759696
0.12689269,1.9033904,6.036082,0.23243423,-0.04589125,0.29191723
0.16998832,1.9416976,6.9458785,0.1518,-0.31650457,0.18745928
0.842759,2.5594015,7.877223,0.06383542,-0.21632266,-0.1399645
-0.19153613,1.0390835,10.115802,-0.54825157,-0.29695687,-0.35559994
1.1324574,1.7597382,10.8747635,-0.85918194,0.188681,0.32979086
1.7166426,2.9592333,11.296143,-0.9056077,-0.49426633,-0.25541803
0.91697925,1.3000516,15.330672,-0.36254853,-1.6677384,-1.4044555
1.0965444,1.6496049,8.813355,0.18295415,0.9565386,0.30352366
1.697489,3.1962593,7.3002205,-0.11759156,0.69508827,-0.1961641
0.16759412,1.8267759,7.144597,0.0143553335,0.29985848,-1.1717159
-0.7230489,1.4891934,7.958626,0.2941316,0.028634308,-0.8302422
0.19393034,2.2697031,9.371204,0.35460728,0.010308351,-0.5144249
-0.45968673,2.4875755,9.478944,0.038179077,0.25954136,-0.5211444
-1.2473791,2.1188686,10.549152,0.070554934,0.029245174,-0.22487476
-1.5059528,2.0326772,11.133337,0.11209377,-0.17722727,-0.054443367
-1.0103531,2.0015526,12.756606,-0.44318274,-0.9487501,-0.058108557
-0.7398083,0.93373865,10.817303,0.23793201,1.1685089,0.56863916
-1.3670892,2.2816741,7.261913,-0.038789943,0.619341,0.6773732
-0.90500826,1.8387469,8.174104,0.048563786,-0.35315648,0.34811684
-0.2873042,1.3958195,8.899547,0.5525276,-0.26213756,0.23205243
-0.29927522,1.6136919,6.8884177,0.31795537,0.11720977,0.4611269
0.2777274,2.2122424,7.252336,-0.1695151,0.031688634,0.30535626
-0.46686932,1.757344,9.167698,-0.21655174,-0.082543164,-0.031230485
-0.59855044,1.0869676,11.842021,-0.04795292,-0.09231701,0.09827295
-0.35434186,1.5035586,11.808502,-0.20738874,0.104992464,0.39515346
1.151611,3.2369606,10.288184,-0.19150625,0.34078646,0.72746414
1.316811,3.5122938,11.406276,-0.5555819,-0.74716455,-0.7575493
0.25139117,0.81881696,9.974544,-0.09987647,-0.015958855,-0.4722752
1.2018893,2.6671407,7.4462667,0.20555615,0.46967903,0.13492486
0.4141969,2.2744915,6.953061,0.08399397,-0.011682798,-0.55290943
-0.7422025,1.7764976,6.8836293,-0.10170906,0.17951803,-0.5779549
-0.93373865,2.0949266,8.183681,0.06261369,-0.11675162,-0.31467196
-1.3503298,2.3127987,9.514857,0.118202426,0.15202908,-0.2682462
-2.3008277,2.5187001,10.783784,-0.4841107,0.5582545,0.11720977
-1.6448165,2.1045034,13.680768,-0.3943135,-0.17783815,0.14408784
-0.7230489,1.7238252,14.202703,0.20861048,-0.33910656,0.44585526
0.24899697,0.32561144,12.718299,0.4089743,0.43058363,0.64316475
-0.51714754,1.3024458,6.890812,-0.21105394,0.98402756,0.7928267
-0.48123455,1.3120226,7.460632,-0.23671028,-0.17295122,0.64316475
0,1.496376,7.582736,0.33383787,-0.28473955,0.55214584
-0.1316811,1.7190368,7.2116346,0.30207285,-0.5199227,0.6480517
0.46926352,2.6791117,7.1230493,0.22571471,-0.43317983,0.4263076
0.32321724,2.231396,8.2555065,-0.14874569,-0.33788484,-0.06666067
0.08140286,1.127669,11.025599,-0.5500842,-0.33421963,-0.1735621
1.0486604,0.6464345,12.165238,-0.3191771,0.5845217,-0.07887798
1.6927006,1.13964,11.176433,-0.605062,-0.08071057,-0.031230485
0.32800564,0.05746084,14.892533,-0.72173727,-1.0391581,-1.2822825
0.3854665,-0.7733272,10.3336735,0.28619036,0.8704066,0.45868343
1.4772224,2.5617957,6.4694324,0.3998113,0.6364452,0.24915667
0.5482722,1.8794483,6.620267,0.31978795,-0.1998293,-0.9004917
-1.0007763,1.3599066,7.228394,0.05100725,-0.0012980887,-0.92492634
-1.4149733,1.4772224,7.496545,-0.13836098,0.23816109,-0.69646275
-1.6184803,1.8387469,8.8923645,-0.301462,0.32612568,-0.28901562
-2.516306,2.018312,10.422259,-0.17256944,0.4489096,-0.041615196
-1.697489,2.3127987,13.302484,-0.03940081,-0.20105103,0.32673654
-0.5363012,2.4588451,14.732121,0.5488624,-0.28046352,0.69936436
-0.7517793,0.5746084,15.586852,0.6588182,-1.2883911,-0.24075727
0.5434838,-0.2657564,9.079112,0.9673051,1.3871986,0.7909941
-0.93613285,2.1404164,4.4939165,-0.10842858,1.4721088,1.0164034
-1.1252748,1.934515,6.9841857,-0.35155296,-0.62193716,0.5442046
-0.6799533,1.3215994,8.456619,0.33567044,-0.7832056,0.7378489
0.23223756,2.554613,7.4079595,0.77671516,0.039629884,0.90461504
1.4796166,3.2465374,6.9578495,-0.10170906,-0.3751476,0.3224605
0.91219085,1.8219875,10.635344,-0.21594086,-0.21754439,0.0017562376
1.6208745,1.8674773,9.170092,-0.086437434,0.7250207,0.20028745
0.830788,2.2122424,10.22354,-1.2092078,-0.85650945,-0.43256894
2.2577322,0.8738836,14.688726,-0.49938235,-0.7392233,-0.8119163
0.80924016,0.06464344,11.279384,-0.009468411,0.21250474,-0.15279266
2.135628,2.779668,7.252336,0.37293324,0.6278931,0.20212004
1.5275006,3.0597897,6.6633625,0.18967366,0.2577088,-1.1136837
-0.37349546,1.1827357,7.7431474,0.03940081,0.0017562376,-1.2468523
-0.7110779,2.243367,8.336909,0.0571159,0.25465444,-0.6109416
-1.0175357,2.8299465,8.432677,0.04734206,0.3542255,-0.3806454
-1.2904748,3.2824504,9.826103,0.014966198,0.12087496,-0.42401683
-2.6264393,2.0039468,11.377545,0.018020526,0.5411503,0.032910366
-1.1971009,2.8778305,12.320861,-0.12370021,0.67798406,0.2589305
-2.135628,1.376666,12.162844,-0.6221663,-0.2682462,0.13553573
-0.62488663,0.37110126,12.002433,0.45234573,0.35361463,0.7867181
-1.091756,1.0223241,7.3935943,0.28008172,0.24060455,1.0383946
-0.1412579,1.4676456,8.085519,-0.38698313,-0.18272507,1.0701596
-0.19871874,1.42455,7.678504,-0.1591304,0.3279583,0.6187301
-0.32800564,1.4915876,7.0320697,3.05E-04,0.20212004,0.4489096
-0.9935937,1.4891934,8.025663,-0.08277224,0.25465444,0.39026654
-1.0941502,1.661576,8.516475,0.2452624,0.69020134,0.5350416
-0.37349546,1.8531121,8.324939,-0.5183192,-0.29940033,-0.7557167
-0.6703765,0.31124622,13.206716,-0.89461213,0.24732406,-0.53519434
-0.5482722,2.0973208,9.555558,-0.28130344,-0.053221636,-1.6738471
-4.3047748,-2.3918076,16.08724,-1.3307699,0.18501581,-0.5767332
-0.6488287,0.49320555,10.271424,0.6765333,0.36216673,0.5826891
-1.7286136,1.3311762,5.782296,0.9434814,-0.046502117,0.010919216
-0.44532153,1.8148049,8.6218195,-0.21777347,0.6382778,0.067118816
-1.6400281,1.0893618,7.154174,0.04062254,0.5942955,-0.6353762
-2.4037786,1.5131354,8.528446,0.12736541,0.51488304,-0.5810092
-2.8538885,1.685518,8.114249,0.032070424,0.69508827,-0.20593795
-3.6056678,1.42455,9.62499,0.093767814,0.18257235,-0.28535044
-4.096479,0.3184288,11.913847,-0.07238753,-0.5510768,-0.058719423
-3.596091,0.81402856,12.1484785,-0.17562376,0.075670935,-0.114308156
-3.2944214,-1.4987702,14.32002,0.5348125,-1.2499067,0.09277516
-2.5019407,0.320823,8.746318,0.84879726,0.3346778,0.7024187
-1.520318,0.59376204,7.486968,0.49327368,-0.19738583,0.4873941
-0.8571242,0.6464345,7.853281,0.44135013,-0.19555324,0.34078646
-1.6184803,0.94570965,7.2236056,0.46395215,-0.06910413,0.44035748
-1.0702082,1.9512744,7.0033393,0.24037547,-0.0092393365,0.31635183
-2.0398598,2.1380222,7.6354084,0.2501493,-0.18883371,0.010919216
-1.6783354,1.8986019,9.613019,0.35277468,-0.20227276,-0.14057536
-1.328782,1.9009962,9.419088,0.20189096,0.046960264,-0.19188805
1.0390835,2.1092918,8.743924,-0.1994475,-0.105756044,-0.6738607
-3.2154129,-1.6352397,16.721703,-1.5677856,-0.917596,-1.5632805
-1.2593501,-0.92895025,13.544298,-0.16707164,0.23877195,0.7213555
0.45010993,2.6168625,8.772655,1.1432343,0.036575556,1.3560445
0.29688102,2.9017725,6.455067,0.6374379,-0.26519188,-0.17050776
-0.059855044,1.7717092,8.243536,-0.33078352,0.22716552,-0.7392233
-0.93852705,0.5243302,10.489297,-0.9111055,0.6498843,-0.8467356
-1.0606314,0.45968673,11.176433,-0.121256754,0.56558484,-0.273744
-0.47644615,1.3335704,9.167698,0.48655418,0.3658319,-0.030008756
-0.28491,0.8451532,10.436625,0.053450707,1.1990521,-0.08926269
-1.6232687,2.8060043,2.6910827,-0.6649268,1.3016775,-0.2932917