accelerometer.x,accelerometer.y,accelerometer.z,gyro.x,gyro.y,gyro.z
0,0,0,0,0,0
-0.15322891,3.0873232,9.264363,-0.18330236,-0.73068035,-0.12665069
1.2749124,2.7102363,9.664195,0.9657352,-1.5101445,0.5007079
2.0099323,5.0385976,6.525397,0.76292795,0.1330831,0.75727135
2.7700913,3.4380736,8.759187,-1.4221371,-1.8235183,1.1812118
5.163096,2.1416135,10.372879,-0.1313788,-1.5406877,1.2239723
5.529409,2.5941176,7.896077,1.841105,1.1911017,-0.3178515
1.9847932,2.0769699,6.4990606,1.7836837,1.7249979,-1.2726339
4.1395745,5.094861,4.297592,0.3957979,3.7115319,0.1635103
0.51954174,5.3606176,6.567295,-0.78195024,1.9577376,0.495821
-3.9911342,4.5166616,7.8290396,-1.5229299,3.0689015,-1.0875417
-6.4344172,4.298789,7.7572136,0.91930944,4.062168,-0.84441733
-6.1076083,1.4161704,3.570952,2.136153,1.1538389,-2.9525132
-11.347319,0.62847793,2.9376855,1.8753135,2.8422706,-3.3220868
-13.358448,1.7417817,2.27928,-0.19429792,-0.21694268,-3.7777922
-10.196905,-1.9393034,-0.055066638,0.8802141,-0.40875438,-1.4400109
-9.944317,-5.771223,-0.60812724,-0.66405326,1.5692273,-1.9305358
-13.898341,-3.2980127,-1.6292542,2.194796,3.3401258,1.3595845
-12.154165,-5.9292407,0.9900024,-0.36472932,-1.448447,2.1702027
-12.834118,-3.705027,0.25737667,2.4385314,0.8050349,2.4713593
-7.1502833,-4.423288,-0.5590461,-0.036694687,1.1006936,1.4261688
-3.5218706,-3.6882677,-0.2813187,1.0445367,1.3004466,-0.11443339
-5.695806,2.8874073,-1.0821792,-0.13687658,-1.3861388,-1.0496681
-13.727156,-2.918532,-3.8618474,0.98345035,-1.7654861,-1.2824078
-15.799337,-3.989937,1.7597382,-1.9462595,-1.4814337,-2.5224643
-3.5793316,-4.674679,-4.748899,0.76170623,0.34016642,-0.30013642
-11.587936,-5.9364233,-3.5853171,-0.6548903,-0.28474873,-1.9299248
-5.3833623,-9.779117,2.3211784,-1.1881757,-0.28047267,0.5135361
-4.0306387,-4.2640734,-0.5243302,-0.026309976,3.7396317,-1.8101953
-3.9025488,-4.5896845,0.23104046,2.2534392,-0.528484,-1.6745832
-1.5298948,-4.144363,0.48961425,-3.0971296,0.3316143,-0.22377826
-0.095768064,-21.197065,-0.7649474,-1.6689267,1.1092458,-0.8737389
5.638345,-5.41329,-9.405622,1.5979806,12.551974,1.5990436
1.5801731,-9.17099,-3.3973722,-2.0641563,-4.958479,-0.34900564
-0.30765492,-18.443733,-3.690662,-0.30119935,-2.8882563,-1.421685
-2.932897,-9.360131,3.2130187,2.3016975,-2.3390884,-0.014862351
-2.0482395,-7.953538,1.7106571,1.1563251,-1.2248703,0.98756754
-3.6236243,-9.685743,-0.44771573,-0.10999852,1.4330044,-0.060677245
-1.8579005,-8.825027,-0.8535329,1.207027,-1.4142386,0.12685838
-4.0821137,-10.517728,-0.5386954,0.41656733,-1.1503447,0.107921556
-5.6946087,-10.907983,-1.0809821,-0.42948106,-1.0739866,0.18244712
-3.4464533,-12.896367,2.3080103,-1.4575673,-0.8534643,1.5074139
-1.5370775,-7.337031,2.930503,-2.8711092,-0.50099504,1.3968472
-2.4720132,-7.1634517,-1.8267759,-1.1356413,5.281455,-1.0032423
-0.3184288,-4.2185836,-5.4539914,0.27545744,-0.49977332,-0.56525195
-6.181829,-9.294291,-6.033388,0.6645786,0.81541955,-0.3777163
-0.5614403,-4.357447,-7.27957,0.43244982,0.32061872,0.27713126
0.8511387,-25.656265,-3.9971197,0.490482,1.180717,-0.88473445
-1.2617443,-1.9752164,2.741361,1.6578455,-3.238282,-0.7472898
-0.80086046,-10.064027,2.4768016,1.9101328,0.79465014,1.4872553
-3.1950622,-9.270349,-7.538144,0.03844174,2.554553,-0.07594888
-0.37349546,-9.362526,0.10654198,0.67129815,-1.7642643,0.22154249
-5.568913,-9.417592,-1.721431,0.8802141,0.39025736,0.18427971
-7.0593038,-12.332533,1.1049241,-0.8882408,-2.3940663,0.48665804
-0.5482722,-13.248315,3.157952,-2.210153,-1.4203472,1.8433897
0.82001406,-4.7381253,4.015076,-3.2076962,3.580196,0.17084068
-4.8494554,-8.798691,-4.9703627,-2.7513797,4.6131687,-0.6324471
-1.0079589,-5.3761797,-7.1849995,1.1184515,-2.1900373,-0.36061206
-2.9053638,-8.893262,-9.53012,0.018283186,1.4104023,0.4695538
-3.7481227,-9.702502,-0.0023942017,3.4568439,0.03351207,0.2178773
1.4496891,-3.3063924,4.1276035,-0.49423277,-2.2963278,-1.1241937
1.079785,-7.1514807,0.9696517,1.3841778,-3.5669277,0.2569727
-2.9257145,-9.582792,-1.5646108,2.7067013,4.001693,-0.15780482
-2.871845,-8.24204,0.11731588,1.0384281,-5.607218,-0.12237464
-5.1200004,-10.238804,0.81881696,0.86799675,0.22410204,0.0046853363
-6.9503675,-11.081563,-1.1647792,0.010341937,-0.71724135,0.049278498
-2.944868,-13.231556,3.1627405,-1.3121814,-0.09965656,1.7114428
-1.210269,-7.526173,5.023035,-2.9419696,2.5209556,1.030939
-2.7760768,-7.8206596,-3.9803603,-1.3616614,6.5129595,-0.9873598
-0.20231004,-2.291251,-4.8901567,0.9101465,-1.6469783,-0.47056782
-6.8689647,-12.680889,-10.597934,0.092808746,1.4885931,0.9985631
-1.7477672,-13.2351465,0.9708488,2.445251,-1.9756237,-0.4406354
0.021547815,-2.754529,3.3051953,0.67190903,-2.7202682,-0.7882177
-1.4413095,-9.832987,1.5191209,1.1685424,-1.8100792,1.4023451
-2.2505496,-8.368932,-0.16160862,0.6596917,4.137305,-0.23477384
-3.807978,-8.019379,0.1340753,0.9675678,-4.3977046,0.06210667
-5.079299,-9.688137,0.92176765,0.85028166,-0.44418457,-0.34839475
-3.915717,-9.260772,-4.582502,0.33837658,-0.13264327,0.020567833
-7.2005615,-11.3138,4.292804,-0.71780944,-0.17479298,1.7187732
0.6847417,-12.613852,2.5713725,-2.827127,-2.2022545,1.9954952
0.6859388,-3.8426938,1.5358804,-3.2871087,7.018756,0.20749259
0.18555063,-5.451597,-4.7776294,0.90525955,-0.9340985,0.14335175
-6.1219735,-7.3633676,-4.308366,0.6108225,0.9681359,-0.059455514
-2.3020248,-3.288436,-6.0226145,0.7953038,-0.7471737,0.52453166
-2.682703,-22.797588,-6.385336,-0.26821262,1.9088683,-1.0307312
-1.1121067,-2.48159,3.2453403,1.7451992,-3.5449364,-0.08633359
-0.60094464,-9.775525,0.7589619,-0.34151644,-1.1216341,1.1201253
-6.9252286,-8.2037325,-11.633426,2.1611986,3.8349266,-0.11382253
-3.0753522,-7.7368627,1.0690111,0.5979943,-3.411157,0.32661134
-6.405687,-9.398438,-2.5510218,0.47765383,0.20088916,0.027287351
-6.31351,-11.419145,-0.7206547,-0.056853242,-1.2774048,0.18061452
-6.465542,-11.443087,2.3223755,-1.3641049,0.6706445,1.0462106
-0.32920274,-11.353305,2.2709002,-3.204031,-2.350084,1.8531636
-3.193865,-6.801927,-3.527856,-1.1124284,4.856293,-1.1504608
0.58418524,-4.736928,-5.5042696,0.8435622,-0.23893383,-0.35022736
-6.9371996,-8.212111,-5.98311,0.15023008,-0.4209717,-0.40154004
-4.571728,-4.867412,-4.531027,0.6859589,0.037788123,0.3907522
-0.7433996,-16.587029,-6.554127,2.290091,0.9339274,-0.65504915
-0.7326257,-1.7860745,1.0390835,0.6566374,-3.252332,-0.2524889
-1.0307038,-11.026496,2.043451,0.862499,-3.9664335,1.8336159
-5.1487308,-7.7009497,-9.149442,0.7891951,3.815379,-0.15780482
-3.594894,-8.532935,-0.027533319,0.2271991,-2.9884381,0.3290548
-7.005434,-10.1861315,-0.6356605,1.007274,-0.08927185,-0.3441187
-5.6706667,-11.69807,-3.0597897,-0.91084284,-1.0458869,0.28568336
-6.4020953,-11.874043,1.9033904,-0.92855793,0.6284948,1.4677076
-1.5478514,-7.7440453,1.7142484,-3.5198483,-0.121036835,0.37364796
-4.1371803,-5.946,-5.6826377,-1.4600108,5.0688744,-0.18590462
-0.92416185,-6.525397,-3.774459,0.617542,-0.560249,-0.53165436
-9.015367,-9.606734,-11.559206,0.46849087,1.7818084,0.46894294
-4.27365,-3.359065,-0.4261679,1.1862575,-1.3800302,0.39258477
-0.33518824,-13.462596,1.103727,-3.5522242,8.377932,-1.1034242
-1.4508862,-6.915652,0.3890578,0.9199203,-4.241934,-0.0967183
-0.81761986,-8.219295,-0.34835634,2.064071,3.2203963,-0.29891467
-3.7960067,-9.212888,-4.3035774,0.68962413,-0.19922759,0.38403267
-3.657143,-8.408437,-0.700304,0.116021626,0.3633793,-0.21400443
-4.8614264,-9.039309,-0.45130703,-0.01959046,-1.4007995,0.86600536
-6.3901243,-11.280281,2.1918917,-0.59380376,0.3707097,1.134786
-0.5470751,-10.220847,1.13964,-3.411725,-1.7166169,1.5232964
-0.10534488,-6.385336,0.90381116,-0.010427481,4.90333,-1.0869309
0.5303157,-3.21661,-0.557849,-0.166809,-1.1821098,-0.26592797
-10.4171715,-9.970653,-13.928268,0.3206615,-0.8326949,0.0028527407
-2.8694508,-2.8562827,-3.2980127,0.8020233,-1.5956656,0.8317969
0.04189853,-15.306131,1.8614918,-1.386707,2.4348235,-1.3202814
-1.2677298,-5.913678,0.7074866,1.2277963,-2.4484334,0.17511673
-0.4165911,-9.956287,1.5610195,2.2387784,4.2771926,-0.14497665
-2.4109612,-8.425196,-1.9309237,0.7152805,-4.160689,0.33516344
-2.815581,-8.380903,1.0079589,0.54607075,0.54724973,0.08348695
-5.861006,-10.474632,-1.6328455,-0.20407178,-0.6512679,0.80430794
-6.679823,-11.732785,3.5098996,-1.0452332,0.48860666,0.88310957
-0.60214174,-9.123106,1.364695,-3.208307,-1.4655513,1.0236086
-2.3798366,-9.060856,-2.48159,-2.205877,6.842216,-0.25187805
0.6787562,-3.132813,-1.7669208,0.29622686,0.18011974,-0.56097585
-8.688558,-6.879739,-11.807006,1.1630446,0.69446826,0.33210912
-2.349909,-4.35625,-1.7753005,0.88937706,-1.8363465,0.6564786
-0.5590461,-7.728483,1.4413095,0.2693488,-2.9407907,-0.8157067
-1.6783354,-8.389283,1.7345991,1.8575984,-0.59018135,0.6564786
-2.2110453,-9.264363,1.6101006,1.4739751,2.2314053,0.042558983
-2.6755204,-7.9846625,0.06344634,0.4306172,-4.142363,0.28873768
-3.8295257,-9.974244,-0.39983168,0.72444344,0.6486534,-0.4992785
-4.6244006,-8.406042,-4.5992613,-0.33052087,-2.2853322,0.45611477
-8.0684595,-10.869676,2.1918917,-1.173515,-0.8742337,1.2087008
-4.2437224,-11.641806,-0.40701428,-2.368978,0.19172618,0.6821349
-1.6089035,-7.047333,2.7928362,-1.1258675,3.8709676,0.6039442
-0.25139117,-5.7903767,-3.8187518,-1.0207986,1.0866437,-0.31907323
-1.2725182,-7.716512,-7.2604165,2.3786666,0.87406266,-0.23966077
-0.4213795,-5.875371,-3.8259344,-0.51866734,-0.28597045,0.73405844
-1.3120226,-19.509153,-1.8447324,1.020713,2.032874,-0.10343782
-2.3702598,-7.157466,2.6324248,1.4892466,-2.7966266,0.6051659
-0.7517793,-8.277952,1.2737153,0.015839724,-2.808233,0.31256142
-3.9109285,-8.854955,0.45130703,1.052478,2.3321981,-0.7845526
-3.6056678,-7.314286,0.033518825,-0.7245289,-3.9841485,0.34249383
-7.443573,-9.1255,-1.7884687,0.250412,-1.5553484,0.20077308
-8.292317,-11.577163,-2.6084828,-0.6371752,-0.23343603,-0.082057536
-4.7860093,-12.431892,0.90620536,-1.3769331,1.7683693,1.17999
-1.3467385,-6.254852,0.973243,-2.9645717,1.9552941,0.5679031
-2.1080947,-6.7504516,-2.942474,-0.4545265,2.5783768,0.7297824
-1.3036429,-6.077681,-2.1523874,0.72688687,0.22532377,-0.5444825
-10.353725,-11.275493,-9.697714,0.3218832,-0.0972131,0.6069985
-3.8391025,-9.900024,-0.061052144,2.2161765,0.47700024,0.24292278
0.8858546,-3.9923313,1.9440918,0.19971016,-0.78199303,-0.90306044
0.48961425,-12.090718,3.016694,1.1673207,-2.268228,1.3351499
-4.307169,-7.6865845,-8.871715,0.8460056,3.524607,0.10425637
-3.2357635,-7.9667063,0.8475474,0.5753923,-6.255346,0.20993605
-4.9021277,-7.9343843,-0.62488663,0.46910173,0.26258653,-0.27264747
-7.60997,-12.473791,-1.0031705,-0.41420943,-0.7703866,-0.050903402
-5.306748,-10.8229885,0.48123455,-1.1209805,1.6364225,1.1744922
-0.51475334,-8.511387,2.3953989,-4.356123,2.3163157,0.61799407
-3.882198,-6.4248405,-7.9188223,0.045161255,1.656581,-0.4302507
-2.3702598,-5.6108117,-1.5969325,0.46543655,-0.35316563,-0.12176377
-7.5764513,-9.25359,-14.15452,1.3945626,1.7769215,-0.3600012
-3.551798,-5.354632,-4.933253,0.63770056,-0.60239863,0.60760933
-0.6440403,-7.135918,3.204639,-1.3964808,1.8734381,0.0077396627
-2.7605145,-10.815806,2.779668,1.5210117,-1.6365936,-0.12420723
0.748188,-9.072827,-0.8619126,2.5979671,7.145205,-0.4620157
-2.0003555,-8.761581,-0.4249708,-0.07762266,-7.096507,0.5837856
-3.9995139,-8.941146,0.51714754,0.45321923,-0.3592743,-0.3740511
-6.9647326,-9.616311,-1.6759412,-0.5351607,-2.137503,0.8012536
-6.0238113,-11.476605,2.0362685,-0.98292494,2.2393465,1.2740633
-0.9684546,-8.269572,1.0187328,-3.696999,0.03351207,0.32050267
-4.011485,-9.337387,-4.0414124,-0.6756597,4.702355,-0.050903402
0.2873042,-5.469554,-3.50152,-0.0049296934,-0.19006461,-0.43147245
-5.717354,-6.9371996,-8.082825,1.6951083,0.19966742,-0.17796338
-2.6204538,-3.6858735,-4.0653543,0.0048441496,-1.2578571,0.8354621
-9.90601,-30.429106,-15.330073,-2.1173017,5.174554,-0.38382494
-2.327164,-8.683769,1.6831238,1.7861272,-2.998823,-0.0368535
0.8858546,-7.8529816,1.340753,1.9003589,3.9082305,-0.23782817
-2.896984,-8.868123,-0.89782566,0.35242647,-5.2449746,0.23009461
-2.705448,-8.519767,1.2473791,0.44894317,-0.035515703,-0.30685592
-6.6762314,-10.4171715,-1.13964,0.054935105,-1.9536326,1.1219579
-6.0489507,-11.232397,3.0573955,-1.0195769,-0.10881954,1.0901929
1.6065093,-9.056067,1.7046716,-6.3237195,2.4403212,2.204411
-5.547365,-7.049727,-3.9480386,0.5204144,3.339515,-0.61717546
-0.3184288,-6.9970546,-2.3870192,-0.6157949,-0.03185051,-0.49561328
-4.247314,-5.1810527,-5.759252,1.8417159,-0.16563,-0.51577187
-2.349909,-9.409213,-7.5213847,0.23819467,0.54847145,0.7700995
-4.8386817,-22.164322,-5.849035,-1.540645,5.3627005,-0.47484386
-1.4867992,-4.3179426,1.6962919,0.9290833,-2.6555166,-0.5463151
0.4249708,-8.7951,0.9756372,2.6364517,3.7280252,0.5734009
-3.4261026,-9.900024,-4.2556934,0.26690534,-2.7654724,0.08348695
-2.3439236,-9.252393,1.7848774,-0.036694687,-1.3409348,-0.14375491
-6.4846954,-8.506598,-0.8678981,0.85577947,-0.94814837,0.012626585
-8.1558485,-10.449493,1.922544,-1.2468188,-0.38676322,0.26002702
-4.021062,-19.32839,1.9800048,-1.6573203,-1.7001235,1.0236086
0.7649474,-3.1028855,2.5713725,-2.0629346,3.9082305,0.7108456
-4.045004,-10.620679,-7.633912,0.445278,5.467769,-0.38565755
-0.90979666,-4.8482585,-1.6962919,0.27057052,-0.52115357,-0.11504426
-4.685453,-6.9491706,-9.589975,1.093406,0.5435845,-0.46812436
-0.48722005,-5.0996494,-6.649895,0.01767232,0.9876836,0.550188
-3.3865983,-27.56205,-4.0019083,-0.25904962,1.5667838,-0.4375811
-1.2318168,-2.4181437,2.136825,1.365241,-3.955438,-0.7167465
-2.349909,-9.797073,1.6699557,0.907703,-0.62561154,0.88066614
-4.5513773,-9.459491,-5.2564697,0.6529722,-1.9279763,0.23070547
-2.6898856,-7.949947,0.8870517,-0.07945526,-0.7019697,-0.038686097
-6.3099184,-8.870518,-0.8319851,0.82767963,-1.9646281,-0.015473217
-6.8545995,-11.717223,-0.533907,-0.10022467,-0.43624333,0.1793928
-4.638766,-12.467805,1.0115502,-1.7935432,0.7744916,1.2258049
-0.2777274,-7.4375877,2.1523874,-4.2944255,2.263781,0.46527773
-4.0138793,-7.088034,-7.57286,-0.651836,2.2570617,-0.16330262
-2.207454,-5.2085857,-2.6408045,0.27362487,-0.32140064,-0.53348696
-10.761936,-9.465476,-10.327389,1.7525296,1.2967814,0.59172684
0.39983168,-6.611588,-2.0530279,0.81790584,-0.582851,-0.07900321
0.94930094,-4.7261543,2.2601264,-0.7960002,-0.5126015,0.3198918
-2.7246015,-12.558785,2.4193408,1.3017111,-2.295717,0.42007372
-2.219425,-8.475474,-0.33399114,1.043315,2.8844204,-0.5884648
-2.966416,-8.064868,0.6572084,0.21864697,-4.2981334,0.2759095
-5.067328,-9.337387,-3.8391025,0.6370897,0.7518896,-0.3954314
-5.2026005,-8.719683,-3.0095115,-1.0269072,-2.5846562,0.66319805
-4.865018,-11.139024,0.39863458,-1.9248792,0.55091494,1.1928183
-0.7697359,-9.338584,-0.15442601,-2.5436857,0.7561656,-0.57930183
-3.1675289,-9.2787285,-3.4392707,-1.0262964,1.1843822,-0.33678833
-3.1172507,-5.971139,-3.1232362,0.60227036,-1.095367,-0.30013642
-5.583278,-8.664616,-6.8605847,0.28034437,0.7549439,-0.2494346
-3.8486793,-4.4603977,-4.4783545,-0.18024802,-1.4356189,0.09203906
-5.815516,-24.802732,-7.1167645,-0.23828022,1.8685513,-0.082668394
0.7290344,-3.8726213,0.33758244,1.0885191,0.9785206,-0.52982175
-5.7640405,-17.533936,-1.0869676,2.136153,3.7616227,-4.926219
0.9672575,-5.783194,-6.43322,0.2937834,0.54663885,0.9741285
-3.1184478,-9.299079,0.2873042,-0.52111083,-4.2394905,0.9460287
-4.1371803,-8.1343,0.10295067,0.5240796,-0.5932357,-0.41497907
-4.76925,-9.633071,-3.1627405,-0.11793976,-2.5101306,-0.15658309
-4.56694,-12.643779,1.9967642,-1.413585,-0.8302514,0.96618724
-0.9696517,-6.777985,2.706645,-3.851548,-3.0831223,0.80980575
-5.8334723,-10.1621895,-11.915942,-0.78195024,5.976009,0.08531955
-1.3479356,-6.31351,-2.9376855,0.23636207,0.83741075,-0.4724004
-5.922058,-6.482301,-6.609194,0.2711814,0.12941791,-0.08327926
-1.4676456,-5.910087,-5.887342,0.5204144,0.42018977,0.43717796
-4.214992,-28.555643,-9.244013,0.522247,0.36826622,-0.4021509
-2.2481554,-5.7808,3.2213984,1.8246117,-1.7691513,-0.6226733
-0.9648633,-8.678981,1.174356,1.8802004,1.3370985,0.3412721
-3.1004913,-9.411607,-2.0087352,0.5918857,-4.6432724,0.2319272
-2.172738,-8.348581,1.7381904,0.14412142,0.2839668,-0.027079657
-7.098808,-8.793902,-4.390966,1.2901046,-0.6347745,0.47444072
-6.767211,-11.416751,-0.6751649,0.1691669,0.53319985,0.30339846
-3.0107086,-10.159795,0.6775591,-2.1392927,1.1245174,0.73039323
-1.3012487,-8.688558,1.2665327,-3.331091,0.18500665,-0.32212755
-3.2549171,-8.318654,-2.4959552,-1.7135198,4.181287,-0.26653883
-0.35434186,-5.2157683,-1.091756,-0.1631438,-0.51626664,-0.79432636
-5.2085857,-6.2165446,-6.6067996,1.2198551,-0.81681234,0.5666814
-1.9297266,-6.314707,-6.0477533,-0.32319048,-0.9896872,0.77804077
-4.408922,-18.669985,-3.5649664,2.232059,0.042675048,-0.028912252
1.9129672,-0.04070143,3.0334535,1.7787968,-4.6151724,-1.4455087
0.49559975,-11.833342,2.043451,0.6981762,-1.2102096,1.2319136
-4.4316673,-8.328231,-9.714474,0.86921847,4.784211,0.09081733
-2.4827871,-8.195353,0.7793127,0.5772249,-6.404397,0.50926006
-4.333505,-8.583213,-0.4237737,0.10502606,-1.3415456,0.08531955
-2.9376855,-9.719262,-2.7593174,-0.166809,-0.21633181,0.004074471
-4.9224787,-14.184448,0.94211835,-1.1301435,-2.30488,1.1311208
0.34835634,-7.675811,0.9624691,-3.3970642,-1.1289645,-0.3673316
-0.6404489,-9.471462,0.5650316,-1.6701484,0.8936103,-0.8169284
-2.516306,-6.0501475,-3.1399956,-1.0348486,-1.766097,-0.45468533
-3.726575,-4.9655743,-3.478775,0.9968893,-0.9017226,-0.76011795
-8.736442,-9.679757,-10.90918,0.7678149,-0.219997,0.6448721
-3.6284127,-18.161217,1.0103531,0.8447839,-0.2975769,0.4555039
0.8439561,-1.4820108,2.4839842,1.6016458,-2.7288206,-0.2879191
1.198298,-10.304645,1.5059528,0.47398868,-0.13875192,0.9613003
-2.5330653,-10.216059,-2.4588451,0.77881044,3.5502634,-0.1865155
-2.3690627,-8.202535,0.19033903,0.24369246,-6.191205,0.12808011
-3.7792473,-8.804677,1.0642227,0.0024006888,-0.9774699,-0.34289697
-3.879804,-9.441534,-1.483208,0.5686728,-0.9127182,-0.13275935
-7.7667904,-13.15973,1.7609353,-0.4526939,-1.7844229,0.88372046
1.0582372,-8.048109,0.8714894,-2.649976,0.319397,-0.1950676
-1.6819267,-9.387665,-1.8243817,-2.074541,1.4727106,-0.7332399
-1.9812019,-8.406042,-1.6543933,-1.4984952,-1.4227906,-0.26531708
-1.9740193,-5.590461,-5.0242324,-0.25355184,0.5729061,-0.006921103
-3.2836475,-7.2843585,-5.6060233,0.8301231,-0.4118087,-0.25004545
-3.3291376,-6.8929067,-5.7808,0.490482,0.6291057,0.6961848
-2.7617116,-14.016854,-1.3192052,1.855155,-0.056895986,0.4781059
1.4030021,-1.0546459,3.2597055,-0.7275832,-1.453334,0.052332826
-3.4201171,-15.003265,2.6144683,1.6340218,-3.4508631,0.4518387
-2.6791117,-7.5824366,-8.943541,0.56622934,-0.68181115,0.011404854
-3.6894648,-7.988254,-0.2789245,0.12884979,-1.8864374,0.5129252
-3.6631286,-8.655039,-1.1180922,0.8710511,-0.8644599,-0.21339355
-3.74094,-8.243237,-1.401805,0.56561846,-0.8601838,-0.0967183
-8.432379,-12.3277445,1.7010803,-0.31891444,-1.2786264,0.8299643
-1.3563153,-11.079168,0.12928689,-2.5797267,0.5582453,-0.0686185
-0.19033903,-7.2664022,-0.053869538,-1.3610506,2.776297,-0.560365
-2.9532478,-7.267599,-1.9572599,-1.6774788,-1.2981741,-0.71918994
-1.6927006,-6.9479733,-4.582502,-0.47285247,-0.0953805,-0.30319074
-4.6459484,-5.601235,-5.446809,1.3511912,-0.12470203,-0.1333702
-0.32321724,-5.5605335,-6.0489507,-0.25049752,1.0970285,0.6259353
-3.4045548,-24.79914,-7.511808,1.0372064,-0.74656284,0.38464352
-2.0123265,-4.6124296,2.0171149,1.9339565,-3.360455,-0.91649944
-1.0103531,-9.297882,0.2681506,0.34753954,3.284537,-0.08511186
-3.2273839,-9.701305,0.088585466,0.104415186,-4.0434027,0.13785395
-3.9013517,-8.300697,0.6344634,0.2766792,-0.36477208,0.24842057
-4.2700586,-8.404845,-0.7493851,0.29256168,-1.7673187,-0.0038667768
-3.53863,-9.267955,-1.3814543,0.4929255,-0.6048421,0.04500244
-7.7811556,-12.988544,2.1523874,-0.49973056,-0.9041661,0.95335907
0.3854665,-9.01417,2.552219,-3.728764,2.2961571,0.3901413
-2.504335,-9.54209,0.35194764,-0.07884439,-0.33728313,0.031563405
-2.6120741,-7.787141,-2.657564,-0.79294586,0.11109195,0.08470868
-3.1651347,-6.7121444,-4.4999022,-0.21689995,0.5631322,-0.18834808
-3.9384618,-5.949591,-5.1846437,1.1306688,0.6144449,-0.07839234
-2.2697031,-7.289147,-7.183802,-0.009205751,0.90888196,0.72550637
-4.373009,-26.43079,-7.9714947,0.6126551,0.8282477,-0.016084082
-1.5646108,-1.5693992,3.2932243,1.8191139,-1.7605991,-0.7503441
-2.0039468,-10.348937,0.8295909,1.3004893,0.60100585,1.3546976
-2.706645,-8.286332,-1.3910311,0.45627356,-2.4979134,0.18183625
-3.3207579,-8.663419,1.4030021,0.4202325,-0.45701274,0.25575095
-4.570531,-8.41921,-1.5969325,0.5277448,-1.0892583,-0.082668394
-2.870648,-9.890448,-1.8351556,0.30355725,-0.39898053,0.062717535
-6.160281,-10.20289,1.6112977,-1.0434006,-0.22793825,1.1011884
-2.3415294,-10.437522,1.0151415,-3.417223,-0.21083403,0.4078564
-3.4919431,-8.476671,-3.345897,-0.8900734,3.5136116,-0.2494346
-1.6376339,-7.8733325,-2.457648,-0.7984436,-0.02696359,-0.17429818
-2.5905263,-5.088876,-2.7353754,0.79408205,-0.41425216,-0.32518187
-7.0928226,-7.771579,-8.932767,0.9480201,0.65598375,0.31928095
-4.1934443,-16.784552,-6.1866174,0.14228882,0.66148156,0.28568336
-0.29688102,-0.8762778,4.1491513,1.7384797,-1.5235834,-0.17429818
-3.25372,-11.27669,-1.0893618,1.8007879,-0.20106018,0.48299283
-1.365892,-8.22528,-4.3382936,1.3047653,1.5331862,-0.016084082
-3.5625722,-7.893683,-1.7417817,-0.8271543,-2.3958988,0.37670228
-4.841076,-8.180987,-0.5303157,1.0133827,-1.2389202,-0.23416297
-4.8338933,-8.713697,-0.6847417,0.40618262,-1.0794845,-0.13275935
-7.0593038,-12.8832,0.18555063,-0.6542794,0.0909334,1.3015523
-1.3239936,-9.149442,-0.1340753,-3.0781927,-0.106376074,0.41946286
-3.691859,-10.116699,-0.5734113,-1.07822,2.6602328,-0.24271509
-4.0533834,-5.7041855,-2.5713725,-0.42092893,0.14713301,0.22215337
-0.78649527,-5.2600613,-3.5326445,0.72199994,-0.24870767,-0.29586035
-10.042479,-9.1829605,-10.995371,0.6505287,0.05550322,-0.05884465
-2.8060043,-9.959879,-4.4556093,0.7678149,0.92171013,0.5837856
0.79966336,-4.748899,3.53863,-0.1753611,-1.4246233,-0.34350786
-3.763685,-13.816938,1.7669208,0.84722733,-0.48511255,0.5257534
-2.2158337,-8.279149,-8.677784,1.5509441,4.3419447,-0.39665312
-3.429694,-7.135918,0.45250413,0.03538741,-2.7508116,0.3412721
-3.0538042,-8.856153,-1.3575124,1.1013472,-0.5266514,-0.15047444
-5.2421045,-7.2951326,-2.3798366,0.3487613,-1.8778853,0.040726386
-9.056067,-13.522451,1.4927847,-0.6897096,0.121476665,0.8983812
-0.7194576,-11.979388,-0.17477672,-2.8851593,-2.0770273,0.48238197
-2.0242975,-8.446744,1.4377182,-0.9071776,2.812338,-0.09305311
-1.3024458,-5.507861,-2.3175871,-0.60785365,0.07260744,-0.07961407
-2.7389667,-5.207389,-3.5110967,0.9180877,-1.1124711,-0.31846237
-8.566454,-7.3669586,-10.837354,-0.19246534,1.9846157,0.7969776
-7.03177,-15.871163,3.5769374,1.7079364,0.4458461,0.04378071
0.9983821,-1.6591818,2.5953147,0.72627604,-1.5370225,-0.92382985
-1.1097125,-12.118252,1.0067618,0.735439,-1.244418,1.4951966
-0.6691794,-7.9810715,0.46686932,1.2168008,3.5820284,-0.2860865
-3.4644098,-8.384495,-2.5462334,-0.042192474,-2.6329145,0.68641096
-3.7421372,-8.625112,-0.015562311,0.54790336,-0.6848655,-0.16452435
-4.023456,-9.801862,-0.62728083,-0.1753611,-0.41852823,0.25391838
-4.6782703,-9.944317,0.8559271,-0.8076066,-0.8986683,1.2465744
-0.45489833,-10.359711,0.6464345,-2.886381,-1.1252993,0.38220006
-5.0302176,-9.485827,-1.7848774,-0.3372404,1.8306776,-0.20423058
-3.2333694,-7.098808,-3.7720647,-0.8100501,-1.0300044,0.22398596
-2.5797524,-5.1367598,-3.2800562,0.6407549,0.9699685,-0.43452677
-7.868544,-10.049662,-7.3897038,1.1514382,-0.1778473,0.37548056
-3.7301662,-6.160281,-1.3718776,1.3206478,0.48433062,0.55446404
-1.246182,-15.156494,1.4413095,-0.76790035,1.1538389,0.2905703
-0.6931214,-9.973047,1.283292,0.23025343,-0.13081068,0.66503066
-0.5410896,-8.588001,-1.5394717,1.9687759,4.02796,-0.34350786
-1.1420342,-8.402451,-1.6591818,-0.7642352,-5.73611,-0.055790324
-3.2465374,-8.425196,0.8690952,-0.5119478,-1.6701912,0.060884938
-6.0022635,-8.554482,-1.5131354,0.54912513,-1.2462506,-0.54020643
-9.543288,-13.072341,2.553416,-0.84181505,-0.80581677,0.03889379
-2.695871,-9.981427,-0.046686932,-0.687877,2.255229,1.021776
0.7182605,-9.202114,0.08738836,-1.5485862,1.1092458,-0.39848572
-1.6879122,-7.9714947,-1.3431472,-1.6841983,2.8373837,-0.22255653
-0.7374141,-5.029021,-1.7310078,0.06287635,-1.0012937,0.13602136
-3.7936125,-7.371747,-6.683414,1.7164885,-0.11676078,0.12441492
-0.93493575,-9.531317,-7.6889787,0.34082004,0.12575272,0.34799162
1.0594343,-6.135142,4.1455603,-0.6316774,-1.7996945,-0.09305311
-3.6391866,-10.493786,2.1859062,1.3102632,0.7042421,0.30462018
-1.8626889,-7.4028716,-8.261193,-0.65733373,2.3089852,-0.092442244
-4.569334,-8.239645,1.6136919,1.0097175,-2.5968735,0.47932765
-2.621651,-9.123106,-0.10534488,0.712837,1.3456506,-0.017305812
-3.0597897,-9.232041,-2.5354595,0.5198036,-1.1607295,-0.18590462
-5.2648497,-9.431957,-2.3953989,0.5772249,-0.8107037,-0.25432152
-3.7086184,-11.368867,1.4377182,-1.0134683,-0.3226224,0.41274333
-0.58298814,-9.221268,1.3730747,-2.6084373,1.6248161,-0.61778635
-1.8531121,-7.539341,-3.8953662,-0.36839452,3.370058,-0.61412114
-0.5243302,-6.3913217,-1.99437,-0.38183355,-1.4624969,-0.43513763
-3.965995,-6.5840545,-4.7177744,-0.166809,0.5588562,0.3534894
-3.894169,-9.188946,-4.8494554,0.1691669,0.39025736,0.55446404
-1.0606314,-31.055191,1.816002,1.4947444,-2.3390884,1.0431563
-0.35075054,-1.0726024,1.1468226,0.8808249,-1.1680598,-1.3092858
-0.59495914,-11.373655,-0.3890578,2.013369,3.7854464,1.1555555
-2.9149406,-7.801506,-1.0283096,0.36647636,-1.6115481,0.2972898
-3.4560301,-9.500193,0.7613561,0.28950736,-0.9200486,0.26308134
-3.527856,-8.6334915,-1.6484078,0.5564555,0.124530986,-0.08022494
-4.4196963,-7.854179,-2.552219,-0.2492758,-1.729445,-0.2952495
-8.689755,-14.241909,3.5206735,-0.2559953,-0.464954,1.4994726
0.079008654,-7.2268977,1.1121067,-1.9083859,0.11658974,0.4603908
1.4987702,-9.405622,0.22744916,-1.6383834,2.613807,-1.0032423
-1.1468226,-10.189722,-6.50744,-1.8876164,3.4091535,-0.551202
-2.9963434,-4.9943047,-2.8072014,0.7684257,-0.89194876,0.0089613935
-3.7421372,-8.584411,-8.470686,0.70856094,1.221034,0.91609627
-0.18914193,-7.0664864,-4.3634324,0.20154275,-0.17845817,0.5526315
0.46567222,-7.2951326,3.879804,-3.0745275,0.754333,-0.301969
-2.8395233,-7.1502833,0.91099375,1.4391557,-1.8296269,-0.5780801
-1.6687586,-8.085219,-3.345897,0.9150334,0.43240705,0.3730371
-2.5115175,-9.38168,0.2657564,0.241249,-1.7856447,0.17206241
-2.4193408,-9.5971575,-1.9393034,0.645031,0.24487145,-0.40459436
-3.9121256,-8.892065,-0.5674258,0.068985,-2.4789765,-0.30991027
-8.194156,-13.460202,2.1535845,-0.34151644,-0.69402844,0.73405844
-0.33518824,-6.281188,0.10414778,-1.2217733,1.5808337,0.3168375
0.07062895,-12.984953,-0.78529817,-0.50706095,2.255229,-0.21461529
-0.1436521,-9.011775,-0.94211835,-0.9077885,0.14407869,-0.301969
-1.2593501,-6.9048777,-2.943671,-0.959712,1.7640933,-0.50844145
-2.2122424,-6.707356,-5.035006,0.51858187,-0.70074797,0.291792
-2.5761611,-8.613141,-6.896498,-0.547378,2.3120396,0.5172013
0.6667852,-22.916101,2.0338743,0.36708724,-4.730626,-0.5127175
-0.15083471,-0.81283146,3.1519666,0.952907,-2.5693846,-0.39298794
-3.6619315,-9.192537,0.36631286,1.034152,0.3859813,0.4445083
-4.820725,-8.902839,-5.21936,0.0036224201,-0.45884532,-0.26287362
-3.3973722,-8.603564,-0.47046062,0.43672588,-1.3146676,0.09081733
-4.1922474,-8.5473,-3.406949,0.95473963,-0.91210735,-0.10221609
-5.6215854,-8.859743,-1.9644425,0.28400958,-0.81681234,-0.016694946
-3.9240966,-11.095928,0.7757214,-0.75446135,0.310234,0.61066365
2.291251,-8.261193,1.3239936,-1.6829766,-0.5248188,0.05172196
-0.31244332,-9.750386,-0.23702596,-0.87846696,4.2710843,-0.41070303
-1.7741034,-7.2221093,-7.1909847,-1.1344196,2.210636,0.10975415
-0.89902276,-8.11395,-2.3463178,0.52713394,-0.5541403,-0.138868
-2.3714569,-9.126697,-8.221688,-0.001875367,2.2955463,0.5257534
-0.50996494,-5.177461,-5.505467,-0.50645006,-1.3354369,0.12685838
-1.8890251,-19.765331,-0.61890113,-1.50888,-0.12653463,0.15312558
-0.5674258,-3.821146,1.7298107,1.8441594,-2.3109887,-0.4216986
-2.3642743,-8.304289,0.79607207,-0.018979594,-0.98052424,0.7755973
-3.8510735,-9.907207,-2.055422,0.8570012,-2.6249733,0.26247048
-4.000711,-9.021352,-0.49679685,-0.14665043,-0.9615874,-0.22072394
-2.2661119,-8.492233,-1.7944542,0.16000392,-1.0739866,-0.05640119
-4.501099,-8.461109,-1.7082629,-0.114885435,-2.0092213,-0.07900321
-3.2549171,-12.29662,0.40940848,-1.554084,-1.1472905,1.1384512
0.1388637,-8.00621,0.15562311,-2.0665998,-1.036113,-0.44674405
-2.7509377,-9.216479,-5.258864,-1.5498079,2.6645088,-0.7503441
-2.8622682,-7.1754227,-1.1432313,-0.32074702,-2.7141597,-0.483396
-4.1276035,-6.1423244,-6.5002575,0.86616415,-0.04162436,0.039504655
-4.64116,-7.9152308,-6.4188547,0.40373915,2.200251,0.22948374
-5.1235914,-18.544289,-6.7013707,0.85028166,-0.5657467,0.5202556
1.1073183,-0.7290344,2.9783869,1.8319421,-2.1882048,-0.72346604
0.7086837,-10.231621,1.4688427,0.18810372,1.0047878,1.0956907
-3.0789435,-7.560889,-13.443442,1.175262,5.046883,-0.026468791
-2.0278888,-8.336611,1.4030021,0.22475564,-5.279183,0.56362706
-3.9121256,-9.091981,-0.2765303,0.18566026,0.021294763,-0.26653883
-3.9612067,-8.295909,-2.2122424,0.07326106,-1.5974982,-0.08511186
-4.6124296,-12.605472,1.2808979,-0.9694859,-1.4362297,1.3858516
0.02873042,-7.892486,1.1432313,-2.6518087,-0.008026768,0.26796827
-1.4915876,-8.76996,-4.011485,-0.87358004,4.497104,-0.6904793
-1.9859903,-7.0365586,-1.3611037,-0.53638244,-3.293871,-0.7558419
-2.7269957,-5.899313,-4.308366,0.20704055,0.9339274,-0.12603983
-6.941988,-10.852917,-9.854534,0.33837658,1.2925054,0.3027876
-2.3690627,-12.695254,-6.349423,0.7500998,0.031679474,0.5416359
1.1994951,-1.1671734,3.5984852,0.5246905,-2.1313941,-0.16391347
-2.64679,-13.303382,1.4987702,0.9706221,0.7353962,1.1427273
-2.2385786,-8.577228,-8.048109,1.786738,1.6852916,0.10242377
-3.122039,-8.273164,1.0654198,0.025002705,-1.9872302,0.32294613
-3.3506854,-8.408437,-1.5993267,0.98711544,0.3016819,-0.12542896
-4.59567,-9.113529,-1.2521675,-0.23644763,-2.521737,0.014459181
-9.246407,-14.064738,0.8655039,-0.29264724,-0.5455882,1.0541519
-0.5662287,-8.737639,0.1436521,-2.6542523,-0.3751568,0.47199726
-0.5722142,-10.3692875,0.32680854,-1.3677701,0.9382035,-0.31113198
-5.1786585,-9.003395,-4.891354,-1.6622071,2.0078287,-0.68864673
-2.0111294,-4.8374844,-0.5303157,0.16122565,0.21921511,0.2551401
-3.9636009,-8.392874,-8.743625,1.3328651,0.5203717,-0.0967183
-2.030283,-4.9284644,-6.766014,-0.06296189,0.67675316,0.7462758
-2.7760768,-23.04898,-0.62728083,-1.5504189,1.897262,-0.30074728
-1.6460136,-3.8175547,0.5781997,1.737258,-1.7850338,-0.71980083
0.3172317,-10.150218,0.85473,1.1355556,4.7555003,0.31011796
-2.9843724,-10.018537,-1.6136919,0.12884979,-4.7605586,0.29240286
-2.7210102,-8.701726,1.5454572,-0.012260077,0.3071797,-0.40092918
-5.3474493,-8.447941,-5.103241,1.7293167,-0.10515434,-0.15169618
-7.5453267,-13.583504,1.2306197,-1.0360702,-2.3177083,0.43106928
-1.1444284,-5.589264,0.39983168,-1.0983785,0.41530284,0.64731556
-1.2198458,-11.131841,-0.4213795,-1.2651447,1.1678888,-0.016694946
-1.3108255,-7.8613615,-3.4763808,-1.4746715,2.4623125,-0.61351025
-1.0354922,-6.801927,-0.59495914,-0.051966317,-1.8467312,-0.32640362
-4.663905,-7.702147,-5.3103395,0.8643316,-0.10515434,-0.01119716
-3.6523547,-8.176199,-7.0808516,-0.21628907,1.5374622,0.754217
-4.868609,-23.550566,2.7341783,1.4654229,-1.163173,0.173895
-1.6567876,-2.4301147,0.8619126,1.991378,-1.987841,-0.8945083
-1.234211,-11.597513,0.8319851,0.5228579,1.4849279,0.8507337
-3.6212301,-8.832211,-7.4244194,-0.0733466,0.3523837,-0.028912252
-3.0190883,-8.51857,1.3156139,-0.025699113,-2.9994338,0.52086645
-4.096479,-8.492233,-0.21428105,0.5827227,-0.43074554,-0.10954647
-3.9073372,-9.083601,-3.25372,0.4483323,-0.52176446,-0.028301386
-7.716512,-12.039244,0.5650316,-0.796611,-1.7709839,0.2673574
-3.064578,-7.3178773,0.5374983,-1.4160285,-0.033683106,0.66747415
-1.6232687,-9.566033,1.5622166,-2.5106988,1.7317175,-0.11809858
-2.432509,-7.9571295,-5.4527946,-1.5479753,2.831275,-0.038686097
-1.8411411,-6.7743936,-2.0494366,0.081202306,0.4495113,0.048667636
-3.2225955,-5.5820813,-4.691438,1.2815524,-0.1760147,-0.1669678
-3.1735144,-9.233239,-10.073604,-0.45513737,1.176441,0.5190339
-5.366603,-23.891739,-0.62728083,1.741534,-0.9872438,0.25941616
-0.12210429,-1.7022774,1.1623849,1.3963951,-3.1710868,-1.2567514
-0.7098808,-10.387244,0.30047232,0.83256656,2.632133,0.70168257
-3.4644098,-9.504981,-3.788824,0.26324013,-2.7947938,-0.04357302
-2.8886044,-8.836999,1.1133038,-0.04646853,-1.5241944,0.33394173
-4.26527,-8.451532,-2.098518,0.8258471,-0.7019697,-0.35511428
-3.894169,-8.593987,-1.4269443,0.48070815,-0.7160196,0.04133725
-6.1243677,-13.256695,1.2425907,-1.100822,-0.9304333,0.90082467
-1.103727,-10.020931,-0.37110126,-2.6017177,0.48371974,0.2038274
-2.0207062,-8.062474,-1.0881647,-1.7000808,0.0347338,-0.5573107
-4.07134,-8.7125,-2.504335,-1.0568397,0.967525,0.20993605
-2.1164744,-6.029797,-3.5697548,0.65847,0.43729398,-0.42597464
-7.5189905,-9.876082,-11.261127,0.8979292,2.1953642,0.29301375
-4.927267,-21.027077,1.9991584,0.98345035,-0.77344096,0.11891714
-1.6675615,-2.5187001,1.5813702,1.5717134,-1.7196712,-0.61228853
-0.7134721,-10.9187565,0.9540894,1.0274326,4.3541617,0.68824357
-3.4584243,-8.710106,-2.0853498,0.15817133,-1.6384261,0.077378295
-3.4584243,-8.65025,1.1528081,-0.056242377,-1.5022032,0.23070547
-3.6391866,-9.399636,-0.50637364,1.4257166,0.11658974,-0.1669678
-5.6000376,-8.591593,-3.2968156,-0.35006857,-2.436216,0.057219747
-9.108741,-13.634978,0.62967503,-0.7941676,-0.5431447,0.6552568
-2.5558102,-10.229227,0.40581718,-2.9309742,-1.8198531,1.3675257
-0.5554548,-7.8996687,0.7553706,-0.62923396,3.43481,-0.33312315
-3.6643257,-9.263166,-5.422867,-1.3732679,4.09882,-0.34167525
-3.8869865,-7.103596,-1.0055647,0.41962165,-0.8644599,-0.37344024
-3.3674448,-8.842984,-8.37013,0.86799675,1.6712418,0.11341935
-1.4389153,-6.066907,-5.5018754,-0.21873254,0.054281488,0.4500061
-6.029797,-24.38255,-10.255563,0.20093189,0.7482244,0.40235862
-1.3551182,-2.456451,2.0841527,2.5967455,-3.3183055,-1.0521115
-2.0027497,-9.260772,0.8331822,0.3206615,2.5569966,0.25636184
-2.992752,-9.072827,-4.2413282,1.3182044,-1.6530869,0.24109018
-3.9145198,-8.453926,-0.21667525,-0.3457925,-0.12164771,0.029730812
-3.4332852,-8.75799,-1.4999673,0.44405624,-0.38615236,-0.05884465
-3.4620156,-8.583213,-0.9935937,0.5002559,-0.9005009,0.013848315
-9.040505,-13.985729,1.9249382,-0.87846696,-2.105127,0.4396214
-1.3108255,-6.969521,0.12330139,-1.5229299,0.18806098,0.8348512
-0.7278373,-9.977836,0.7398083,-1.4642868,1.7329391,-0.6049582
-3.3674448,-8.816648,-6.862979,-1.8051496,2.786071,-0.38015977
-1.7609353,-7.2783732,-1.4556746,0.12762806,-0.095991366,-0.26043016
-5.5030727,-5.2409077,-6.944382,0.95657223,-0.3519439,-0.19018067
-1.7848774,-7.7667904,-8.10557,0.010952802,1.9192531,0.84157073
-6.588843,-28.540081,-7.469909,0.59738344,-1.095367,-0.18529376
-3.120842,-5.0505686,2.565387,1.4208298,-0.20350364,0.0046853363
0.5518635,-9.093178,-0.16400282,2.291313,2.111065,0.8983812
-1.5765818,-8.391677,-6.3865333,-0.06723795,-2.8320568,0.07860003
-3.4237084,-8.069656,0.8475474,-0.078233525,-1.1955488,0.038282923
-4.709395,-8.318654,-1.2437878,1.274833,-0.4753387,-0.27386922
-7.0090256,-11.374852,-0.015562311,-0.41848546,-1.0813171,0.10853242
-3.6511576,-8.171411,-0.12090719,-1.4856671,2.309596,-0.08999878
-1.8782512,-8.826224,0.51834464,-2.0049024,-0.7355673,-0.0038667768
-3.3734303,-9.459491,-1.3515269,-1.7422305,3.27965,-0.23171952
-0.59974754,-5.020641,-1.1408371,-0.49301103,-1.0141219,0.025454754
-3.1136594,-7.369353,-4.0174704,0.93702453,-0.31834632,-0.45346358
-5.365406,-7.5285673,-7.301118,0.35120475,2.195975,0.76887774
-5.342661,-16.551117,0.62368953,1.6608998,-1.6292632,0.029730812
-0.4381389,-0.6847417,2.1942859,0.6969545,-2.359247,-0.30868852
-1.1180922,-10.764331,1.328782,1.8979155,2.1892557,0.8550098
-3.228581,-8.7125,-6.707356,0.14534315,-0.6683721,0.054165423
-3.442862,-8.39886,0.9959879,-0.030586034,-0.6531005,0.07249138
-3.5314474,-8.531737,-3.417723,1.206416,0.27602556,-0.29036257
-5.2744265,-7.586028,-1.3215994,-0.14420697,-2.5571673,0.18611231
-6.631939,-13.054385,1.0869676,-0.9041233,-0.43196726,0.69862825
-0.6512229,-9.647436,-0.7469909,-1.7269589,0.7903741,0.15923424
-1.899799,-8.12233,-1.3299791,-1.1893975,0.11964407,-0.5884648
-4.027047,-8.040926,-2.5929205,-0.8198239,0.4140811,0.03889379
-2.5091233,-6.0597243,-3.3842041,0.53141004,0.23570848,-0.16085915
-5.9244523,-8.298303,-7.6147585,1.3261456,1.5991597,0.16839722
-0.5542577,-11.777079,-2.7090392,0.2498011,-0.7001371,0.42618236
0.7649474,-1.8016368,2.6479871,0.23330775,-2.654295,0.017513506
-2.9460652,-12.030864,1.4867992,0.9657352,1.8147951,0.8916617
-3.6511576,-9.270349,-7.241263,1.2675025,1.0646526,-0.07167282
-3.3279405,-7.550115,1.1049241,-0.042192474,-1.4295102,0.2569727
-3.4524388,-8.807071,-1.376666,1.4177754,1.0206703,-0.22011308
-3.9384618,-8.379706,-0.89902276,-0.06845968,-2.1564398,0.07493483
-8.505402,-12.2798605,-0.08379706,-0.22545205,-0.57429886,0.0633284
-3.0226796,-10.032902,-0.02873042,-2.841177,0.7189029,0.7878146
-0.5279215,-7.7847466,-0.4165911,-1.0024726,-0.13264327,-0.56097585
-3.3842041,-9.0429,-0.30166942,-0.5815865,1.8264016,-0.6116777
-3.6475663,-6.9348054,-4.5034933,-0.08067698,-0.19495153,-0.09794003
-4.644751,-8.389283,-6.8222775,0.92114204,1.1294043,0.09998031
-1.3239936,-4.751293,-6.7684083,-0.27920818,-0.10698694,0.56057274
-2.8550856,-19.66717,1.1384429,-1.6756462,2.3541892,-0.047849074
-1.8890251,-4.507085,0.8822633,1.9260153,-2.9994338,-0.6324471
-0.6799533,-9.964667,0.8535329,0.17283209,3.0536299,0.21543384
-3.8905778,-9.744401,-2.4372973,0.2149818,-3.9444423,0.13907568
-4.453215,-8.258799,-0.046686932,0.05004818,0.42690927,-0.26043016
-4.361038,-8.6334915,-1.1013328,0.48742768,-1.2609113,0.08409782
-2.6623523,-9.115923,-3.095703,0.16855603,-1.3824736,-0.057622917
-7.502231,-11.68131,2.3762453,-1.0482875,-0.52115357,0.63082224
-1.2425907,-10.116699,0.008379706,-2.6438675,0.25220183,0.28873768
-1.70946,-8.139089,-2.0482395,-1.0788308,1.2613512,-0.50721973
-3.2333694,-7.267599,-1.62686,-1.091659,-1.122245,-0.21889135
-2.2984335,-5.923255,-6.667852,1.0011653,-0.34400266,-0.5780801
-6.4164605,-7.00304,-8.016984,0.19909929,2.8160033,0.80919486
-5.2899885,-26.066872,-1.0426749,0.45810616,-0.23160344,-0.20300885
-2.2050598,-4.667496,1.5981296,2.0976686,-2.006167,-0.18162857
-2.44448,-8.616732,-0.025139118,1.0549215,3.2539937,0.25819442
-4.9907136,-9.13388,-0.090979666,0.33837658,-3.1118329,0.3290548
-3.2609026,-9.141062,0.36631286,0.8020233,1.6327573,0.13846482
-3.9217024,-9.046491,-1.7417817,0.23269689,-0.9163834,-0.08511186
-3.8259344,-8.214506,-1.7154455,0.52713394,-0.52054274,-0.18773723
-8.750807,-12.559982,1.3227965,-0.69398564,-1.0697106,0.6399852
-2.1691468,-9.01776,-0.2681506,-1.5382015,0.39758775,0.817747
-0.7398083,-8.784326,0.36631286,-1.821032,1.2253102,-0.4039835
-4.3502645,-8.707711,-4.259285,-1.1252565,2.966887,-0.25676498
-2.6084828,-7.231686,-1.8195933,0.6163203,0.75921994,0.0065179323
-4.003105,-7.0545154,-5.493496,1.0170479,1.3816917,0.094482526
-1.2904748,-7.050924,-5.625177,-0.27309954,1.2027081,0.677248
-4.045004,-29.09793,-8.1558485,1.324313,-0.80337334,0.09570426
-0.022744916,-0.6955156,1.6807296,1.2846068,-2.5791585,-1.1895562
-0.6667852,-11.073183,0.5494693,0.94191146,3.588748,1.488477
-3.0933087,-9.203311,-5.3235073,0.76659316,0.2124956,0.3803675
-3.2190042,-9.375694,0.93972415,-0.189411,-1.1705034,-0.027079657
-4.1132383,-9.068039,0.01316811,-0.085563906,-1.6329284,0.054165423
-4.045004,-8.238448,-2.2756886,-0.6567229,-1.9029307,-0.20361972
-7.064092,-15.561114,-4.5561657,-3.4789202,-4.852188,0.7609365
-1.614889,-8.085219,0.088585466,-0.39344,3.5007832,0.7823168
-1.6496049,-8.918402,-2.2840683,-2.4929838,0.7854872,0.018124372
-3.168726,-7.264008,-1.532289,-0.339073,0.13552657,-0.13825713
-3.582923,-6.411672,-4.959589,0.5051428,0.37498572,-0.4021509
-5.804742,-7.382521,-5.363012,0.5063645,0.49471533,-0.21156096
-3.7229836,-4.667496,-5.445612,0.3377657,0.44645697,0.39319563
-3.3746274,-28.411991,-10.556035,-1.064781,3.8605828,-0.2683714
-2.0973208,-5.7065797,-1.8818425,1.8887526,-2.314043,-0.5182153
-1.6962919,-10.57878,-0.45848963,1.224742,3.8092701,0.75360614
-3.2202013,-9.242816,-1.3515269,0.07203933,-3.1515393,0.17511673
-3.441665,-8.485051,0.108936176,-0.4087116,-0.736789,0.16778636
-4.9823337,-8.067263,-0.79607207,0.5350752,-1.453334,-0.080835804
-3.454833,-8.27077,-2.8072014,0.6431984,-0.69525015,-0.11993118
-9.1590185,-13.711593,2.456451,-0.9187841,-0.74473023,0.6522025
-1.1025299,-10.83496,0.415394,-3.2736695,-0.41730648,0.6051659
-0.90141696,-5.7161565,0.17238252,-0.42887017,1.3493158,-0.48706117
-2.7928362,-8.968679,-3.7433343,-0.47651768,0.06833138,-0.29769295
-3.822343,-6.945579,-4.1742907,0.3658655,0.41224852,-0.09122051
-4.63278,-9.0429,-4.0773253,0.38907838,-0.17723644,0.06760445
-1.8171991,-4.4208937,-6.823475,0.38480234,0.4794437,0.7670452
-1.3491327,-16.657658,4.2580876,-1.6389942,1.511806,-0.19201328
-3.0693667,-7.013814,1.4508862,1.8930286,0.65720546,0.041948117
-0.9756372,-10.641029,-4.19943,0.5595098,3.8856285,0.24719884
-4.1946416,-9.232041,0.2669535,0.32860273,-3.9114556,0.38097835
-4.083311,-8.857349,0.18315643,0.6102116,0.8306912,-0.04174042
-3.1376014,-9.234436,-1.9632454,0.4886494,0.7024095,-0.08450099
-3.2944214,-7.9726915,-1.3970166,0.09036528,-1.4918184,-0.06739677
-9.076419,-14.362816,1.7070658,-0.9218384,-1.9566869,0.8195796
0.35314476,-8.397662,0.6955156,-2.310946,-1.3244414,1.3821865
-1.0151415,-9.066842,1.0833763,-1.1472478,2.1501603,-0.9116125
-3.965995,-8.038532,-6.343437,-1.7782716,2.3438046,-0.46262658
-3.513491,-7.7344685,-3.8175547,0.2766792,-0.29330084,-0.28547564
-3.655946,-7.067683,-6.8103065,0.9235855,0.5057109,0.30523103
-1.3180081,-7.067683,-6.6666546,0.22231217,1.276012,0.52147734
-4.2880154,-22.691046,1.7345991,1.3493586,-1.9658499,0.15556905
-0.5327099,-0.2669535,1.8495208,1.1465513,-1.9670717,-1.2604166
-2.7473464,-12.570756,-3.4823663,1.0909625,3.1544228,2.2257915
-3.9624038,-8.033744,-0.045489833,0.8771598,-1.3226088,0.20688173
-2.6803088,-9.097966,0.60094464,1.0036088,0.7763242,0.36020893
-2.384625,-8.872911,-2.3834279,0.62059635,-0.07766541,-0.089387916
-4.3777976,-8.075643,-1.0127473,0.45505184,-0.87179023,-0.23110865
-6.2368956,-10.878056,0.5650316,-0.98353577,-1.5034249,0.15740165
-2.622848,-9.895236,0.6631939,-1.8906708,-0.8876727,0.9044899
-0.89184016,-6.71813,1.8351556,-1.8069822,2.6193047,-0.42658553
-3.7493198,-9.370906,-4.4675803,-0.92794704,4.9277644,0.12685838
-2.622848,-7.0724716,-1.5358804,-0.014703537,-1.1778337,0.20260568
-2.4971523,-6.6510925,-6.2129536,0.33471137,1.5808337,0.06516099
-4.572925,-7.08564,-5.4767365,0.20337535,0.018240437,0.4573365
-5.746084,-17.845182,-5.995081,1.2968241,0.18561752,0.5672922
1.9393034,-0.48362875,3.0657754,1.4477078,-3.0324204,-1.1590129
-0.93014735,-12.606669,1.3335704,-0.12527014,2.6828349,0.80675143
-2.2469583,-6.041768,-8.09719,1.0176587,1.2369165,0.20138395
-3.276465,-8.827422,1.9021933,-0.12099409,-3.3726723,0.32783306
-4.3526587,-10.084377,-1.3347675,-0.76667863,0.27969074,-1.399083
1.0785879,-6.981492,-6.8438253,-0.0892291,1.1379564,-2.4674864
-2.0626047,-5.4527946,-0.6548142,-1.7813258,-4.195508,-0.47973078
4.721366,-16.571466,-6.421249,1.637076,-3.7306395,3.256321
8.24563,-7.169437,-10.606314,1.7940685,2.7707994,-2.7839146
-1.6903064,-9.957485,1.6867151,-2.9114265,0.9840184,-0.936658
2.6599581,-8.176199,-5.3965306,-0.82654345,1.9259726,0.7328367
4.8243165,-13.277045,-5.0362034,0.41290212,-4.632277,0.8201904
-4.642357,-14.301764,-1.7070658,1.8673723,-4.5705795,-0.6074016
-2.9520507,-0.40342298,-5.8262897,4.1422343,-2.160105,1.388906
-8.832211,-7.9702973,5.875371,-3.7806878,-2.6665123,5.3705254
-5.482722,-9.65821,18.207905,1.891196,-2.3879576,5.3112717
-3.015497,-5.949591,3.716998,3.7494483,-4.9419856,1.7004473
-4.346673,-2.1045034,3.5350387,0.8673859,0.35543805,-0.48400685
-2.682703,1.8746599,8.2169,0.72383255,-1.0556607,-0.10527041
-2.96881,3.1866825,7.2580223,0.5943291,0.21371733,-0.15536135
-3.739743,3.5793316,8.149862,-0.095948614,0.38537043,0.13785395
-0.020350715,3.3063924,8.507795,-1.5320928,-0.7056349,-0.6092342
-1.0845734,0.8858546,10.133459,-0.89679295,0.35849237,0.049889363
-1.9524715,1.6484078,8.148665,0.5020885,0.21799338,0.035839465
-2.3906105,0.9528923,8.226477,-0.2895929,0.24059539,0.61310714
-1.7764976,-1.2509704,12.944251,-0.52111083,-2.1839287,0.51109266
0.9684546,5.493496,8.224083,3.4043093,0.5411411,1.7474838
-0.82480246,2.8694508,10.095152,-1.3280638,-0.53276,-0.055790324
-0.8738836,3.4021606,8.677784,0.34937215,0.45378736,0.2459771
-0.70509243,3.405752,9.354146,-0.26760176,-0.51993185,-0.20361972
-0.8415619,3.705027,8.41921,0.36036772,0.054281488,-0.2524889
-0.5793968,3.9001546,8.577228,0.21559265,-0.18395595,-0.111379065
-0.36990416,4.212598,7.827842,0.31699628,0.4018638,0.26308134
-1.9189527,3.1747115,11.255142,-0.54126936,0.36582276,-0.33617747
-0.92775315,3.882198,7.6015906,0.16305824,-0.40020227,0.05660888
-0.65242,3.8905778,9.15423,-0.012260077,0.17034589,-0.20178711
-0.79128367,3.726575,8.901642,-0.19368707,-0.03123965,0.019346103
-0.51235914,3.53863,8.768764,-0.13198967,0.062222734,-0.057622917
-0.44532153,3.2190042,9.3421755,-0.25171924,0.069553114,-0.11015733
-1.282095,3.98874,8.992621,0.11724336,0.32917082,0.059052344
-0.439336,3.3626564,9.293094,-0.18513495,0.29374066,-0.008753699
-2.0386627,4.0761285,9.184157,-0.26393655,0.17401108,-0.005088507